Brand,Model,Storage,marketplace,category,link,priceInitial,pricePromo,promotiontype,collectionTime
XIAOMI,XIAOMI,128GB,Marjane Mall,PC Portables,https://www.marjanemall.ma/smartphone-xiaomi-redmi-a3x-6-7-128go-4go-ram-5000mah-noir-xia1724063264963,1170.0,N/A,Aucune,2025-01-28 14:10:11
XIAOMI,XIAOMI,64GB,Marjane Mall,PC Portables,https://www.marjanemall.ma/xiaomi-redmi-a3x-6-7-64-go-3-ram-5000mah-midnight-black-xia1722378703765,1399.0,1029.0,-26%,2025-01-28 14:10:11
Xiaomi,Xiaomi,3GB,Marjane Mall,PC Portables,https://www.marjanemall.ma/xiaomi-redmi-a3x-3-go-64-go-blanc-moonlight-white-double-sim-xia1724063217581,1399.0,1029.0,-26%,2025-01-28 14:10:11
Samsung,xy,8GB,Marjane Mall,PC Portables,https://www.marjanemall.ma/samsung-galaxy-m53-8-go-256-gb-blue-5g-aaaaa68726,4749.0,3569.0,-24%,2025-01-28 14:10:11
SAMSUNG,Galaxy A14,128GB,Marjane Mall,PC Portables,https://www.marjanemall.ma/samsung-galaxy-a14-4g-noir-128go-sam8806094843439,1890.0,N/A,Aucune,2025-01-28 14:10:22
Honor,X5,32GB,Marjane Mall,PC Portables,https://www.marjanemall.ma/honor-x5-bleu-2-32go-aaaaa72982,1299.0,1199.0,-7%,2025-01-28 14:10:22
HONOR,X9a,256GB,Marjane Mall,PC Portables,https://www.marjanemall.ma/honor-x9a-5g-silver-8-256go-aaaaa54369,4199.0,N/A,Aucune,2025-01-28 14:10:22
Honor,X5,32GB,Marjane Mall,PC Portables,https://www.marjanemall.ma/honor-x5-orange-2-32go-aaaaa53917,1199.0,N/A,Aucune,2025-01-28 14:10:28
Vivo,Y35,128GB,Marjane Mall,PC Portables,https://www.marjanemall.ma/vivo-y35-gold-8-128go-aaaaa68487,2799.0,2399.0,-14%,2025-01-28 14:10:28
HONOR,X9a,256GB,Marjane Mall,PC Portables,https://www.marjanemall.ma/honor-x9a-5g-midnight-black-8-256go-aaaaa54368,4199.0,N/A,Aucune,2025-01-28 14:10:28
HONOR,X6,128GB,Marjane Mall,PC Portables,https://www.marjanemall.ma/honor-x6-titanium-silver-4-128go-aaaaa33760,1499.0,1399.0,-6%,2025-01-28 14:10:28
HONOR,X6,4GB,Marjane Mall,PC Portables,https://www.marjanemall.ma/honor-x6-4go-64go-argent-telephone-mediatek-helio-g25-6-5-pouces-tftlcd-camera-triple-50mp-bt5-1-jusqu-a-1-to-de-stockage-evolutif-hon6936520814282,1399.0,N/A,Aucune,2025-01-28 14:10:28
HONOR,X8,128GB,Marjane Mall,PC Portables,https://www.marjanemall.ma/honor-x8-silver-6-128go-aaaaa23152,2399.0,N/A,Aucune,2025-01-28 14:10:28
SAMSUNG,xynos850,4GB,Marjane Mall,PC Portables,https://www.marjanemall.ma/samsung-smartphone-a04s-copper-6-5-exynos850-4go-128go-android-4g-dual-sim-8mp-50m-aaaaa25165,1749.0,N/A,Aucune,2025-01-28 14:10:28
HONOR,X9a,256GB,Marjane Mall,PC Portables,https://www.marjanemall.ma/honor-x9a-5g-green-8-256go-aaaaa54367,4199.0,N/A,Aucune,2025-01-28 14:10:28
HONOR,X6,128GB,Marjane Mall,PC Portables,https://www.marjanemall.ma/honor-x6-ocean-blue-4-128go-aaaaa33761,1949.0,N/A,Aucune,2025-01-28 14:10:32
HONOR,X8,128GB,Marjane Mall,PC Portables,https://www.marjanemall.ma/honor-x8-black-6-128go-aaaaa23157,2399.0,N/A,Aucune,2025-01-28 14:10:32
Honor,X7a,4GB,Marjane Mall,PC Portables,https://www.marjanemall.ma/smartphone-honor-x7a-4-go-ram-128-go-double-camera-lecteur-d-empreintes-digitales-hon6936520817917,1999.0,N/A,Aucune,2025-01-28 14:10:32
XIAOMI,XIAOMI,256GB,Marjane Mall,PC Portables,https://www.marjanemall.ma/xiaomi-redmi-note-14-4g-smartphone-8-256go-vert-helio-g99-ultra-triple-camera-108mp-ecran-amoled-120hz-6-67-5500mah-aaanp93994,2349.0,N/A,Aucune,2025-01-28 14:10:32
XIAOMI,XIAOMI,128GB,Marjane Mall,PC Portables,https://www.marjanemall.ma/smartphone-xiaomi-redmi-a3-pro-4g-128go-navy-blue-aaani69454,1299.0,N/A,Aucune,2025-01-28 14:10:48
Vivo,Y03,64GB,Marjane Mall,PC Portables,https://www.marjanemall.ma/vivo-telephone-y03-6-5-64go-rom-4gb-jusqu-a-8go-5000mah-helio-g85-gem-green-aaamc96568,1299.0,1199.0,-7%,2025-01-28 14:10:56
SAMSUNG,Galaxy A06,6GB,Marjane Mall,PC Portables,https://www.marjanemall.ma/samsung-smartphone-galaxy-a06-light-blue-6-7-octa-core-6go-128go-android-4g-ds-8mpx50mpx2mpx-aaakt84124,1650.0,N/A,Aucune,2025-01-28 14:11:01
SAMSUNG,Galaxy A06,4GB,Marjane Mall,PC Portables,https://www.marjanemall.ma/samsung-smartphone-galaxy-a06-blue-black-6-7-octa-core-4go-128go-android-4g-ds-8mpx50mpx-2mpx-aaakt83826,1490.0,1379.0,-7%,2025-01-28 14:11:01
SAMSUNG,Galaxy A06,06GB,Marjane Mall,PC Portables,https://www.marjanemall.ma/samsung-smartphone-galaxy-a06-gold-6-7-octa-core-4go-128go-android-4g-ds-8mpx-50mpx2mpx-aaakt82802,1490.0,1379.0,-7%,2025-01-28 14:11:01
SAMSUNG,Galaxy A06,4GB,Marjane Mall,PC Portables,https://www.marjanemall.ma/samsung-smartphone-galaxy-a06-light-blue-6-7-octa-core-4go-128go-android-4g-ds-8mpx50mpx2mpx-12m-aaakt82698,1749.0,1379.0,-21%,2025-01-28 14:11:01
SAMSUNG,Galaxy A06,4GB,Marjane Mall,PC Portables,https://www.marjanemall.ma/samsung-smartphone-galaxy-a06-blue-black-6-7-octa-core-4go-64go-android-4g-ds-8mpx-50mpx-2-mpx-12m-aaakt72021,1240.0,N/A,Aucune,2025-01-28 14:11:01
SAMSUNG,Galaxy A06,06GB,Marjane Mall,PC Portables,https://www.marjanemall.ma/samsung-smartphone-galaxy-a06-gold-6-7-octa-core-4go-64go-android-4g-ds-8mpx-50mpx-2-mpx-12m-aaakt70366,1240.0,N/A,Aucune,2025-01-28 14:11:01
SAMSUNG,Galaxy A06,4GB,Marjane Mall,PC Portables,https://www.marjanemall.ma/samsung-smartphone-galaxy-a06-light-blue-6-7-octa-core-4go-64go-android-4g-ds-8mpx50mpx2-mpx-12m-aaakt61333,1390.0,1249.0,-10%,2025-01-28 14:11:01
XIAOMI,XIAOMI,128GB,Marjane Mall,PC Portables,https://www.marjanemall.ma/xiaomi-redmi-13-6-79-128-go-6-go-ram-helio-g91-ultra-5030mah-108mp-bleu-aaaia59788,1839.0,N/A,Aucune,2025-01-28 14:11:01
Xiaomi,Xiaomi,512GB,Marjane Mall,PC Portables,https://www.marjanemall.ma/xiaomi-redmi-note-13-pro-plus-5g-dual-sim-512-go-aurora-violet-12-go-ram-version-mondiale-aaabu73504,5440.0,N/A,Aucune,2025-01-28 14:11:08
TECNO,X128,128GB,Marjane Mall,PC Portables,https://www.marjanemall.ma/tecno-spark-go-2024-4x128-go-aaaao57251,1180.0,N/A,Aucune,2025-01-28 14:11:08
Honor,X8b,512GB,Marjane Mall,PC Portables,https://www.marjanemall.ma/telephonie-gps-07/smartphone-mobile-0703/honor-x8b-6-7-512go-8gb-jusqu-a-16go-snapdragon-680-108mp-50mp-glamorous-green-aaaau20737,3550.0,3220.0,-9%,2025-01-28 14:11:17
Vivo,Y35,128GB,Marjane Mall,PC Portables,https://www.marjanemall.ma/vivo-y35-black-8-128go-aaaaa68484,2799.0,2399.0,-14%,2025-01-28 14:11:24
Honor,X7a,128GB,Marjane Mall,PC Portables,https://www.marjanemall.ma/smartphone-honor-x7a-128go-noir-hon6936520817979,1999.0,N/A,Aucune,2025-01-28 14:11:24
XIAOMI,Redmi A3X,4GB,Jumia,PC Portables,https://www.jumia.ma/xiaomi-redmi-a3x-6.7-4-go-ram-128-go-rom-midnight-noir-65704865.html,1769.0,1179.0,33%,2025-01-28 14:38:00
XIAOMI,Redmi 14C,8GB,Jumia,PC Portables,https://www.jumia.ma/xiaomi-redmi-14c-6.88-128gb-4gb-jusqua-8go-helio-g81-ultra-5160-mah-50-mp-dreamy-purple-65760037.html,2025.0,1350.0,33%,2025-01-28 14:38:00
XIAOMI,Redmi A3X,4GB,Jumia,PC Portables,https://www.jumia.ma/xiaomi-redmi-a3x-6.7-4-go-ram-128-go-rom-aurora-green-65704866.html,1769.0,1179.0,33%,2025-01-28 14:38:00
Samsung,Galaxy A06,128GB,Jumia,PC Portables,https://www.jumia.ma/samsung-galaxy-a06-67-128-go-6-go-ram-noir-65721220.html,1599.0,1449.0,9%,2025-01-28 14:38:00
Itel,A50,32GB,Jumia,PC Portables,https://www.jumia.ma/itel-a50c-66-32-go-2-go-ram-2-2-go-dawn-blue-65437566.html,999.0,790.0,21%,2025-01-28 14:38:00
XIAOMI,Redmi 14C,8GB,Jumia,PC Portables,https://www.jumia.ma/xiaomi-redmi-14c-6.88-8-go-ram-256-go-rom-dreamy-purple-65704733.html,2594.0,1600.0,38%,2025-01-28 14:38:00
Itel,A50,64GB,Jumia,PC Portables,https://www.jumia.ma/itel-a50-66-64-go-6-go-ram-shimmer-gold-65604638.html,929.0,860.0,7%,2025-01-28 14:38:00
XIAOMI,Redmi 14C,4GB,Jumia,PC Portables,https://www.jumia.ma/xiaomi-redmi-14c-6.88-4-go-ram-128-go-rom-helio-g81-ultra-starry-bleu-65760012.html,2025.0,1350.0,33%,2025-01-28 14:38:00
Oppo,A3,4GB,Jumia,PC Portables,https://www.jumia.ma/oppo-a3x-4go-128go-snapdragon-6s-4g-gen1-nebula-red-65650248.html,1499.0,N/A,Aucune,2025-01-28 14:38:00
Oppo,A3,8GB,Jumia,PC Portables,https://www.jumia.ma/oppo-a3-8go-256go-50mp-snapdragon-6s-4g-gen1-starry-purple-65650252.html,2499.0,N/A,Aucune,2025-01-28 14:38:00
XIAOMI,Redmi Note,8GB,Jumia,PC Portables,https://www.jumia.ma/xiaomi-redmi-note-13-pro-6.67-8-go-ram-256-go-rom-midnight-black-64642380.html,4800.0,3119.0,35%,2025-01-28 14:38:00
XIAOMI,Redmi A3X,4GB,Jumia,PC Portables,https://www.jumia.ma/xiaomi-redmi-a3x-6.7-4-go-ram-128-go-rom-moonlight-blanc-65704867.html,1769.0,1179.0,33%,2025-01-28 14:38:00
Apple,iPhone 15,128GB,Jumia,PC Portables,https://www.jumia.ma/iphone-15-128gb-noir-61-black-dynamic-island-a16-bionic-ios-48-mpx-6gb-ram-apple-mpg1455788.html,13000.0,9475.0,27%,2025-01-28 14:38:00
XIAOMI,Redmi A3X,3GB,Jumia,PC Portables,https://www.jumia.ma/xiaomi-redmi-a3x-6.7-3-go-ram-64-go-rom-aurora-green-65704800.html,1544.0,1029.0,33%,2025-01-28 14:38:00
XIAOMI,Redmi 13,8GB,Jumia,PC Portables,https://www.jumia.ma/xiaomi-redmi-13-6.79-8-go-ram-128-go-rom-noir-65301416.html,2878.4,1799.0,38%,2025-01-28 14:38:00
XIAOMI,Redmi Note,12GB,Jumia,PC Portables,https://www.jumia.ma/xiaomi-redmi-note-13-pro-6.67-12-go-ram-512-go-rom-aurora-purple-64641397.html,6999.0,4719.0,33%,2025-01-28 14:38:00
XIAOMI,Redmi Note,8GB,Jumia,PC Portables,https://www.jumia.ma/xiaomi-redmi-note-13-6.67-8-go-ram-512-go-rom-ocean-sunset-65704772.html,3700.0,2449.0,34%,2025-01-28 14:38:00
Oppo,A3,6GB,Jumia,PC Portables,https://www.jumia.ma/oppo-a3-6go-128go-50mp-snapdragon-6s-4g-gen1-starlight-white-65650250.html,1799.0,N/A,Aucune,2025-01-28 14:38:00
XIAOMI,Redmi 14C,6GB,Jumia,PC Portables,https://www.jumia.ma/xiaomi-redmi-14c-6.88-6-go-ram-128-go-rom-starry-bleu-65704732.html,2324.0,1549.0,33%,2025-01-28 14:38:00
XIAOMI,Redmi Note,8GB,Jumia,PC Portables,https://www.jumia.ma/xiaomi-redmi-note-13-pro-6.67-8-go-ram-256-go-rom-lavender-purple-64642378.html,4800.0,3119.0,35%,2025-01-28 14:38:00
XIAOMI,Redmi 13,8GB,Jumia,PC Portables,https://www.jumia.ma/xiaomi-redmi-13-6.79-8-go-ram-256-go-rom-gold-65301418.html,2999.0,2019.0,33%,2025-01-28 14:38:00
XIAOMI,Redmi 13,6GB,Jumia,PC Portables,https://www.jumia.ma/xiaomi-redmi-13-6.79-6-go-ram-128-go-rom-bleu-65301415.html,2686.4,1679.0,38%,2025-01-28 14:38:00
XIAOMI,Redmi Note,6GB,Jumia,PC Portables,https://www.jumia.ma/xiaomi-redmi-note-13-6.67-6-go-ram-128-go-rom-ice-blue-64641487.html,3198.4,1999.0,38%,2025-01-28 14:38:00
Oppo,A3,4GB,Jumia,PC Portables,https://www.jumia.ma/oppo-a3x-4go-128go-snapdragon-6s-4g-gen1-ocean-blue-65650502.html,1499.0,N/A,Aucune,2025-01-28 14:38:00
Itel,A50,32GB,Jumia,PC Portables,https://www.jumia.ma/itel-a50c-66-32-go-2-go-ram-2-go-ram-misty-aqua-65593477.html,999.0,790.0,21%,2025-01-28 14:38:00
Apple,iPhone 13,128GB,Jumia,PC Portables,https://www.jumia.ma/apple-iphone-13-61-128-go-4-go-ram-minuit-44996221.html,9999.0,6875.0,31%,2025-01-28 14:38:05
Apple,iPhone 13,128GB,Jumia,PC Portables,https://www.jumia.ma/iphone-13-128gb-lumiere-stellaire-61-starlight-5g-a15-4gb-ram-neuf-apple-mpg1408696.html,9999.0,6975.0,30%,2025-01-28 14:38:05
XIAOMI,Redmi Note,12GB,Jumia,PC Portables,https://www.jumia.ma/xiaomi-redmi-note-13-pro-6.67-12-go-ram-512-go-rom-midnight-black-64642381.html,5199.0,3419.0,34%,2025-01-28 14:38:05
XIAOMI,Redmi 14C,8GB,Jumia,PC Portables,https://www.jumia.ma/xiaomi-redmi-14c-6.88-8-go-ram-256-go-rom-sage-green-65704734.html,2594.0,1729.0,33%,2025-01-28 14:38:05
Oppo,A3,4GB,Jumia,PC Portables,https://www.jumia.ma/oppo-a3x-4go-64go-snapdragon-6s-4g-gen1-ocean-blue-65650247.html,1299.0,N/A,Aucune,2025-01-28 14:38:05
Infinix,Note 40,256GB,Jumia,PC Portables,https://www.jumia.ma/infinix-note-40-pro-6.78-256-go-12-go-ram-vert-65122315.html,3490.0,3400.0,3%,2025-01-28 14:38:05
XIAOMI,Redmi Note,12GB,Jumia,PC Portables,https://www.jumia.ma/xiaomi-redmi-note-13-pro-6.67-12-go-ram-512-go-rom-midnight-black-64641480.html,7550.4,4719.0,38%,2025-01-28 14:38:05
Itel,A50,32GB,Jumia,PC Portables,https://www.jumia.ma/itel-a50c-66-32-go-2-go-ram-2-2-go-sapphire-black-65441209.html,999.0,790.0,21%,2025-01-28 14:38:05
Infinix,Note 40,256GB,Jumia,PC Portables,https://www.jumia.ma/infinix-note-40-6.78-256-go-16-go-ram-noir-65122313.html,4200.0,2800.0,33%,2025-01-28 14:38:05
XIAOMI,Redmi 14C,6GB,Jumia,PC Portables,https://www.jumia.ma/xiaomi-redmi-14c-6.88-6-go-ram-128-go-rom-midnight-noir-65704730.html,2324.0,1549.0,33%,2025-01-28 14:38:05
Oppo,A3,6GB,Jumia,PC Portables,https://www.jumia.ma/oppo-a3-6go-128go-50mp-snapdragon-6s-4g-gen1-sparkle-black-65650249.html,1799.0,N/A,Aucune,2025-01-28 14:38:05
XIAOMI,Redmi Note,8GB,Jumia,PC Portables,https://www.jumia.ma/xiaomi-redmi-note-13-6.67-8-go-ram-256-go-rom-mint-green-64641492.html,3499.0,2319.0,34%,2025-01-28 14:38:05
Oppo,A3,8GB,Jumia,PC Portables,https://www.jumia.ma/oppo-a3-8go-256go-50mp-snapdragon-6s-4g-gen1-sparkle-black-65650251.html,2499.0,N/A,Aucune,2025-01-28 14:38:05
XIAOMI,Redmi Note,8GB,Jumia,PC Portables,https://www.jumia.ma/xiaomi-redmi-note-13-6.67-8-go-ram-512-go-rom-ice-bleu-65704770.html,3700.0,2449.0,34%,2025-01-28 14:38:05
XIAOMI,Redmi Note,8GB,Jumia,PC Portables,https://www.jumia.ma/xiaomi-redmi-note-13-6.67-8-go-ram-256-go-rom-ice-blue-64641493.html,3710.4,2319.0,38%,2025-01-28 14:38:05
Apple,iPhone 15,128GB,Jumia,PC Portables,https://www.jumia.ma/iphone-15-128gb-bleu-61-blue-dynamic-island-a16-bionic-ios-48-mpx-6gb-ram-siri-apple-mpg1455789.html,13000.0,8875.0,32%,2025-01-28 14:38:05
XIAOMI,Redmi Note,8GB,Jumia,PC Portables,https://www.jumia.ma/xiaomi-redmi-note-13-pro-6.67-8-go-ram-256-go-rom-forest-green-64642376.html,4800.0,3119.0,35%,2025-01-28 14:38:05
Infinix,Note 40,256GB,Jumia,PC Portables,https://www.jumia.ma/infinix-note-40-pro-6.78-256-go-12-go-ram-gold-65122316.html,5100.0,3400.0,33%,2025-01-28 14:38:05
Apple,iPhone 15,512GB,Jumia,PC Portables,https://www.jumia.ma/apple-iphone-15-pro-max-6.7-512-go-titane-noir-65771996.html,19899.0,15499.0,22%,2025-01-28 14:38:05
XIAOMI,Redmi Note,8GB,Jumia,PC Portables,https://www.jumia.ma/xiaomi-redmi-note-13-6.67-8-go-ram-256-go-rom-midnight-black-64641486.html,3710.4,2319.0,38%,2025-01-28 14:38:05
Apple,iPhone 15,128GB,Jumia,PC Portables,https://www.jumia.ma/apple-iphone-15-61-128-go-6-go-ram-pink-64037234.html,13000.0,9175.0,29%,2025-01-28 14:38:05
XIAOMI,Redmi Note,8GB,Jumia,PC Portables,https://www.jumia.ma/xiaomi-redmi-note-13-pro-6.67-8-go-ram-256-go-rom-midnight-black-64641483.html,5999.0,4219.0,30%,2025-01-28 14:38:05
Apple,iPhone 13,128GB,Jumia,PC Portables,https://www.jumia.ma/iphone-13-128gb-vert-61-green-5g-a15-ios-mode-cinematique-4gb-ram-garantie-1an-apple-mpg1455781.html,9999.0,7175.0,28%,2025-01-28 14:38:05
XIAOMI,Redmi Note,12GB,Jumia,PC Portables,https://www.jumia.ma/xiaomi-redmi-note-13-pro-6.67-12-go-ram-512-go-mediatek-g99-ultra-200-mp-noir-65246463.html,3890.0,3290.0,15%,2025-01-28 14:38:05
XIAOMI,Redmi 13,8GB,Jumia,PC Portables,https://www.jumia.ma/xiaomi-redmi-13-6.79-8-go-ram-128-go-rom-bleu-65301417.html,2609.0,1739.0,33%,2025-01-28 14:38:05
XIAOMI,Redmi 14C,6GB,Jumia,PC Portables,https://www.jumia.ma/xiaomi-redmi-14c-6.88-6-go-ram-128-go-rom-sage-green-65704731.html,2324.0,1549.0,33%,2025-01-28 14:38:05
XIAOMI,Redmi 13,8GB,Jumia,PC Portables,https://www.jumia.ma/xiaomi-redmi-13-6.79-8-go-ram-256-go-rom-helio-g91-ultra-5030-mah-33w-108-mp-bleu-65453423.html,2280.0,N/A,Aucune,2025-01-28 14:38:05
Samsung,Galaxy S24,12GB,Jumia,PC Portables,https://www.jumia.ma/samsung-galaxy-s24-ultra-sm-s928b-titanium-gris-12go-256-go-dynamic-amoled-2x-neuf-64722281.html,17300.0,12399.0,28%,2025-01-28 14:38:05
XIAOMI,Redmi Note,8GB,Jumia,PC Portables,https://www.jumia.ma/xiaomi-redmi-note-13-pro-plus-5g-6.67-8-go-ram-256-go-dimensity-7200-ultra-200-mp-noir-65453418.html,4690.0,4090.0,13%,2025-01-28 14:38:15
XIAOMI,Redmi A3x,128GB,Jumia,PC Portables,https://www.jumia.ma/xiaomi-redmi-a3x-6.7-128-go-4-go-ram-5000mah-midnight-black-65550965.html,1345.0,1179.0,12%,2025-01-28 14:38:15
Infinix,Note 40,256GB,Jumia,PC Portables,https://www.jumia.ma/infinix-note-40-6.78-256-go-16-go-ram-gold-65122314.html,4200.0,2800.0,33%,2025-01-28 14:38:15
XIAOMI,Redmi 13,8GB,Jumia,PC Portables,https://www.jumia.ma/xiaomi-redmi-13-6.79-8-go-ram-256-go-rom-helio-g91-ultra-pearl-pink-65797037.html,2999.0,2019.0,33%,2025-01-28 14:38:15
XIAOMI,Redmi 13,6GB,Jumia,PC Portables,https://www.jumia.ma/xiaomi-redmi-13-6.79-6-go-ram-128-go-rom-sandy-gold-65759990.html,2600.0,1739.0,33%,2025-01-28 14:38:15
XIAOMI,Redmi Note,12GB,Jumia,PC Portables,https://www.jumia.ma/xiaomi-redmi-note-13-pro-6.67-12-go-ram-512-go-rom-moonlight-white-64641479.html,6999.0,4719.0,33%,2025-01-28 14:38:15
Samsung,Galaxy S24,12GB,Jumia,PC Portables,https://www.jumia.ma/samsung-galaxy-s24-ultra-6.8-1-to-12-go-ram-titanium-noir-65683042.html,17599.0,13999.0,20%,2025-01-28 14:38:15
XIAOMI,Redmi 12,8GB,Jumia,PC Portables,https://www.jumia.ma/redmi-12-amoled-679-8go-128go-mediatek-helio-g88-50mp-noir-xiaomi-mpg1441855.html,1890.0,N/A,Aucune,2025-01-28 14:38:15
Apple,iPhone 14,128GB,Jumia,PC Portables,https://www.jumia.ma/apple-iphone-14-pro-6.1-128-go-or-gold-retina-xdr-oled-5g-lte-6-go-ram-remis-a-neuf-64800202.html,11500.0,9099.0,21%,2025-01-28 14:38:15
XIAOMI,Redmi 13,6GB,Jumia,PC Portables,https://www.jumia.ma/xiaomi-redmi-13-6.79-6-go-ram-128-go-rom-helio-g91-ultra-5030-mah-33w-108-mp-noir-65453421.html,1980.0,N/A,Aucune,2025-01-28 14:38:15
Apple,iPhone 14,128GB,Jumia,PC Portables,https://www.jumia.ma/iphone-14-128gb-bleu-61-blue-a15-ios-mode-action-sos-6gb-ram-siri-garantie-apple-mpg1455779.html,12499.0,8175.0,35%,2025-01-28 14:38:15
XIAOMI,Redmi Note,8GB,Jumia,PC Portables,https://www.jumia.ma/xiaomi-redmi-note-13-pro-6.67-8-go-ram-256-go-rom-mediatek-g99-ultra-200-mp-violet-65121471.html,3400.0,2790.0,18%,2025-01-28 14:38:15
Samsung,Galaxy A06,64GB,Jumia,PC Portables,https://www.jumia.ma/samsung-galaxy-a06-67-64-go-4-go-ram-light-blue-65643716.html,1249.0,1179.0,6%,2025-01-28 14:38:15
Samsung,Galaxy A06,128GB,Jumia,PC Portables,https://www.jumia.ma/samsung-galaxy-a06-67-128-go-6-go-ram-blue-black-65644308.html,1749.0,N/A,Aucune,2025-01-28 14:38:15
XIAOMI,Redmi 12,8GB,Jumia,PC Portables,https://www.jumia.ma/redmi-12-amoled-679-8go-128go-mediatek-helio-g88-50mp-silver-xiaomi-mpg1400123.html,1890.0,N/A,Aucune,2025-01-28 14:38:15
XIAOMI,Redmi Note,8GB,Jumia,PC Portables,https://www.jumia.ma/xiaomi-redmi-note-13-6.67-8-go-ram-256-go-rom-ocean-sunset-65797074.html,3499.0,2319.0,34%,2025-01-28 14:38:15
Apple,iPhone 14,128GB,Jumia,PC Portables,https://www.jumia.ma/iphone-14-128gb-minuit-61-midnight-a15-ios-mode-action-sos-6gb-ram-garantie-apple-mpg1408693.html,12499.0,7875.0,37%,2025-01-28 14:38:15
Samsung,Galaxy S23,12GB,Jumia,PC Portables,https://www.jumia.ma/samsung-galaxy-s23-ultra-12-go-ram-256-go-rom-cream-64723543.html,12649.0,11119.0,12%,2025-01-28 14:38:15
Infinix,Note 40,256GB,Jumia,PC Portables,https://www.jumia.ma/infinix-note-40-pro-6.78-256-go-12-go-ram-noir-65573321.html,4190.0,3900.0,7%,2025-01-28 14:38:15
XIAOMI,Redmi Note,6GB,Jumia,PC Portables,https://www.jumia.ma/xiaomi-redmi-note-13-6.67-6-go-ram-128-go-rom-mint-green-64641491.html,2999.0,1999.0,33%,2025-01-28 14:38:15
Apple,iPhone 14,128GB,Jumia,PC Portables,https://www.jumia.ma/iphone-14-128gb-mauve-61-purple-a15-ios-mode-action-sos-6gb-ram-4k-garantie-apple-mpg1413272.html,12499.0,7975.0,36%,2025-01-28 14:38:15
Samsung,Galaxy S24,8GB,Jumia,PC Portables,https://www.jumia.ma/samsung-galaxy-s24-violet-8-go-ram-128-go-ecran-amoled-2x-120hz-6.2-remis-a-neuf-65226386.html,8199.0,6799.0,17%,2025-01-28 14:38:15
Samsung,Galaxy S23,12GB,Jumia,PC Portables,https://www.jumia.ma/samsung-galaxy-s23-ultra-12-go-ram-256-go-rom-phantom-black-64723530.html,12649.0,11119.0,12%,2025-01-28 14:38:15
XIAOMI,Redmi 13,8GB,Jumia,PC Portables,https://www.jumia.ma/xiaomi-redmi-13-6.79-8-go-ram-256-go-rom-ocean-bleu-65760026.html,2999.0,2019.0,33%,2025-01-28 14:38:15
Apple,iPhone 15,128GB,Jumia,PC Portables,https://www.jumia.ma/apple-iphone-15-plus-67-128-go-6-go-ram-rose-64124387.html,14000.0,10975.0,22%,2025-01-28 14:38:15
XIAOMI,Redmi Note,6GB,Jumia,PC Portables,https://www.jumia.ma/xiaomi-redmi-note-11s-6.5-6-go-ram-128-go-rom-mediatek-helio-g96-108-mp-16-mp-gris-56763825.html,2150.0,N/A,Aucune,2025-01-28 14:38:15
Apple,iPhone 14,128GB,Jumia,PC Portables,https://www.jumia.ma/iphone-14-128gb-lumiere-stellaire-61-starlight-a15-ios-mode-action-6gb-ram-sos-apple-mpg1408692.html,12499.0,7875.0,37%,2025-01-28 14:38:15
Apple,iPhone 13,128GB,Jumia,PC Portables,https://www.jumia.ma/apple-iphone-13-61-128-go-4-go-ram-bleu-43386504.html,9999.0,7575.0,24%,2025-01-28 14:38:15
XIAOMI,Redmi Note,6GB,Jumia,PC Portables,https://www.jumia.ma/redmi-note-13-amoled-120hz-6.67-6-go-ram-128-go-rom-snapdragon-685-108-mp-8-mp-noir-xiaomi-mpg1498619.html,2180.0,1990.0,9%,2025-01-28 14:38:18
Apple,iPhone 15,128GB,Jumia,PC Portables,https://www.jumia.ma/apple-iphone-15-61-128-go-6-go-ram-vert-64037225.html,13000.0,8475.0,35%,2025-01-28 14:38:18
XIAOMI,Redmi 13,6GB,Jumia,PC Portables,https://www.jumia.ma/xiaomi-redmi-13-6.79-6-go-ram-128-go-rom-noir-65301414.html,2600.0,1739.0,33%,2025-01-28 14:38:18
XIAOMI,Redmi 13,6GB,Jumia,PC Portables,https://www.jumia.ma/xiaomi-redmi-13-6.79-6-go-ram-128-go-rom-helio-g91-ultra-pearl-pink-65797059.html,2600.0,1739.0,33%,2025-01-28 14:38:18
XIAOMI,Redmi Note,6GB,Jumia,PC Portables,https://www.jumia.ma/xiaomi-redmi-note-13-amoled-120hz-6.67-6-go-ram-128-go-rom-snapdragon-685-108-mp-8-mp-bleu-64613306.html,2250.0,1990.0,12%,2025-01-28 14:38:18
XIAOMI,Redmi A3x,64GB,Jumia,PC Portables,https://www.jumia.ma/xiaomi-redmi-a3x-6.7-64-go-3-go-ram-5000mah-aurora-green-65726393.html,1249.0,1039.0,17%,2025-01-28 14:38:18
XIAOMI,Redmi Note,8GB,Jumia,PC Portables,https://www.jumia.ma/xiaomi-redmi-note-13-pro-6.67-8-go-ram-256-go-rom-mediatek-g99-ultra-200-mp-violet-64613314.html,3499.0,2790.0,20%,2025-01-28 14:38:18
Apple,iPhone 15,512GB,Jumia,PC Portables,https://www.jumia.ma/apple-iphone-15-pro-6.1-512-go-titane-noir-bionic-a17-pro-oled-8-go-ram-new-64037397.html,19999.0,14899.0,26%,2025-01-28 14:38:18
XIAOMI,Redmi 9C,4GB,Jumia,PC Portables,https://www.jumia.ma/xiaomi-redmi-9c-6.53-4-go-ram-128-go-rom-android-13-mp-2-mp-2-mp-5-mp-vert-64722278.html,1279.0,1270.0,1%,2025-01-28 14:38:18
Apple,iPhone 15,512GB,Jumia,PC Portables,https://www.jumia.ma/apple-iphone-15-pro-max-67-512-go-8-go-ram-titane-naturel-64541155.html,21999.0,15499.0,30%,2025-01-28 14:38:18
Samsung,Galaxy A06,128GB,Jumia,PC Portables,https://www.jumia.ma/samsung-galaxy-a06-67-128-go-6-go-ram-light-blue-65644306.html,1749.0,N/A,Aucune,2025-01-28 14:38:18
Apple,iPhone 15,256GB,Jumia,PC Portables,https://www.jumia.ma/apple-iphone-15-61-256-go-6-go-ram-rose-64037192.html,14000.0,11975.0,14%,2025-01-28 14:38:18
Samsung,Galaxy Z,12GB,Jumia,PC Portables,https://www.jumia.ma/samsung-galaxy-z-fold-6-7.6-12-go-ram-256-go-snapdragon-silver-shadow-neuf-65649241.html,22899.0,15399.0,33%,2025-01-28 14:38:18
Samsung,Galaxy S23,12GB,Jumia,PC Portables,https://www.jumia.ma/samsung-galaxy-s23-ultra-12-go-ram-256-go-rom-lavender-64723529.html,12549.0,12249.0,2%,2025-01-28 14:38:18
XIAOMI,Redmi Note,8GB,Jumia,PC Portables,https://www.jumia.ma/xiaomi-redmi-note-13-6.67-8-go-ram-512-go-rom-mint-green-65704771.html,3700.0,2449.0,34%,2025-01-28 14:38:18
Samsung,Galaxy S23,8GB,Jumia,PC Portables,https://www.jumia.ma/samsung-galaxy-s23-plus-8go-ram-256-go-rom-cream-64721419.html,10999.0,9799.0,11%,2025-01-28 14:38:18
XIAOMI,Redmi 10C,4GB,Jumia,PC Portables,https://www.jumia.ma/xiaomi-redmi-10c-6.53-4-go-ram-64-go-rom-snapdragon-680-5000-mah-50-mp-nfc-vert-64885379.html,1335.0,N/A,Aucune,2025-01-28 14:38:18
XIAOMI,Redmi Note,8GB,Jumia,PC Portables,https://www.jumia.ma/xiaomi-redmi-note-11-pro-plus-5g-6.67-amoled-fhd-8-go-ram-256-go-rom-108-mp-gris-61409379.html,4890.0,N/A,Aucune,2025-01-28 14:38:18
XIAOMI,Redmi 13,8GB,Jumia,PC Portables,https://www.jumia.ma/xiaomi-redmi-13-6.79-8-go-ram-256-go-rom-sandy-gold-65760027.html,2999.0,2039.0,32%,2025-01-28 14:38:18
XIAOMI,Redmi 10A,4GB,Jumia,PC Portables,https://www.jumia.ma/xiaomi-redmi-10a-6.53-4-go-ram-128-go-rom-android-13-mp-5-mp-bleu-59020269.html,1399.0,N/A,Aucune,2025-01-28 14:38:18
XIAOMI,Redmi 10C,4GB,Jumia,PC Portables,https://www.jumia.ma/xiaomi-redmi-10c-6.53-4-go-ram-64-go-rom-snapdragon-680-5000-mah-50-mp-nfc-bleu-64885380.html,1335.0,N/A,Aucune,2025-01-28 14:38:23
XIAOMI,Redmi 12,8GB,Jumia,PC Portables,https://www.jumia.ma/xiaomi-redmi-12-amoled-6.79-8-go-ram-256-go-rom-mediatek-helio-g88-50-mp-bleu-63510072.html,1890.0,N/A,Aucune,2025-01-28 14:38:23
XIAOMI,Redmi Note,8GB,Jumia,PC Portables,https://www.jumia.ma/xiaomi-redmi-note-13-pro-5g-6.67-8-go-ram-256-go-rom-midnight-black-65453419.html,4690.0,4090.0,13%,2025-01-28 14:38:23
Samsung,Galaxy S23,8GB,Jumia,PC Portables,https://www.jumia.ma/samsung-galaxy-s23-plus-8go-ram-256-go-rom-lavender-64721415.html,10999.0,9799.0,11%,2025-01-28 14:38:23
Samsung,Galaxy Z,256GB,Jumia,PC Portables,https://www.jumia.ma/samsung-galaxy-z-fold-6-7.6-256-go-12-go-ram-rose-neuf-65676823.html,18699.0,15499.0,17%,2025-01-28 14:38:23
XIAOMI,Redmi Note,8GB,Jumia,PC Portables,https://www.jumia.ma/redmi-note-11-pro-5g-plus-amoled-fhd-de-6678go-256go-108mp-gris-xiaomi-mpg1460077.html,4890.0,N/A,Aucune,2025-01-28 14:38:23
Samsung,A05,128GB,Jumia,PC Portables,https://www.jumia.ma/samsung-a05-128-go-65694666.html,1499.0,1349.0,10%,2025-01-28 14:38:23
XIAOMI,Redmi 10A,3GB,Jumia,PC Portables,https://www.jumia.ma/xiaomi-redmi-10a-6.53-3-go-ram-64-go-rom-android-13-mp-5-mp-gris-60052282.html,1249.0,N/A,Aucune,2025-01-28 14:38:23
Itel,A50,32GB,Jumia,PC Portables,https://www.jumia.ma/itel-a50c-66-32-go-4-go-ram-sapphire-black-65786080.html,1199.0,789.0,34%,2025-01-28 14:38:23
Samsung,Galaxy A06,128GB,Jumia,PC Portables,https://www.jumia.ma/samsung-galaxy-a06-67-128-go-6-go-ram-gold-65721221.html,1999.0,1439.0,28%,2025-01-28 14:38:23
Itel,A50,32GB,Jumia,PC Portables,https://www.jumia.ma/itel-a50c-66-32-go-4-go-ram-dawn-blue-65786079.html,1199.0,749.0,38%,2025-01-28 14:38:23
XIAOMI,Redmi note,6GB,Jumia,PC Portables,https://www.jumia.ma/xiaomi-redmi-note-14-6-go-ram-128-go-noir-65997461.html,1999.0,N/A,Aucune,2025-01-28 14:38:23
Apple,iPhone 16,256GB,Jumia,PC Portables,https://www.jumia.ma/apple-iphone-16-pro-max-69-256-go-8-go-ram-titane-sable-65765761.html,18999.0,15875.0,16%,2025-01-28 14:38:23
XIAOMI,Redmi note,12GB,Jumia,PC Portables,https://www.jumia.ma/xiaomi-redmi-note-14-pro-6.67-12-go-ram-512-go-black-65989450.html,3949.0,N/A,Aucune,2025-01-28 14:38:23
Samsung,A05,128GB,Jumia,PC Portables,https://www.jumia.ma/samsung-a05-6.7-128-go-4-go-ram-black-65760310.html,1650.0,1218.0,26%,2025-01-28 14:38:26
Apple,iPhone 16,256GB,Jumia,PC Portables,https://www.jumia.ma/apple-iphone-16-pro-max-69-256-go-8-go-ram-titane-noir-65765816.html,18999.0,15675.0,17%,2025-01-28 14:38:26
XIAOMI,Redmi note,6GB,Jumia,PC Portables,https://www.jumia.ma/xiaomi-redmi-note-14-6-go-ram-128-go-vert-65997460.html,1999.0,N/A,Aucune,2025-01-28 14:38:26
Samsung,Galaxy A55,8GB,Jumia,PC Portables,https://www.jumia.ma/samsung-galaxy-a55-5g-6.5-8-go-ram-256-go-rom-50-mp-12-mp-5-mp-32-mp-noir-65470483.html,5680.0,4550.0,20%,2025-01-28 14:38:26
Samsung,Galaxy A15,4GB,Jumia,PC Portables,https://www.jumia.ma/samsung-galaxy-a15-6.6-4-go-ram-128-go-rom-50-mp-4g-lte-bleu-noir-64940000.html,1800.0,N/A,Aucune,2025-01-28 14:38:26
Samsung,Galaxy A25,6GB,Jumia,PC Portables,https://www.jumia.ma/samsung-galaxy-a25-5g-6.3-6-go-ram-128-go-rom-50-mp-noir-64765997.html,2830.0,2390.0,16%,2025-01-28 14:38:26
XIAOMI,Redmi note,12GB,Jumia,PC Portables,https://www.jumia.ma/xiaomi-redmi-note-14-pro-5g-12-go-ram-512-go-bleu-65997466.html,5499.0,N/A,Aucune,2025-01-28 14:38:26
Samsung,A06,64GB,Jumia,PC Portables,https://www.jumia.ma/samsung-a06-6.7-64-go-4-go-ram-helio-g85-5000-mah25w-50mp-adaptateur-black-65797927.html,1399.0,1199.0,14%,2025-01-28 14:38:26
XIAOMI,Redmi note,6GB,Jumia,PC Portables,https://www.jumia.ma/xiaomi-redmi-note-14-6-go-ram-128-go-bleu-65997462.html,1999.0,N/A,Aucune,2025-01-28 14:38:26
Itel,A70,128GB,Jumia,PC Portables,https://www.jumia.ma/itel-a70-66-128-go-8-go-ram-field-green-64780236.html,1059.0,1022.0,3%,2025-01-28 14:38:26
Samsung,A06,64GB,Jumia,PC Portables,https://www.jumia.ma/samsung-a06-6.7-64-go-4-go-ram-helio-g85-5000-mah25w-50mp-black-65723703.html,1299.0,1139.0,12%,2025-01-28 14:38:26
XIAOMI,Redmi note,12GB,Jumia,PC Portables,https://www.jumia.ma/xiaomi-redmi-note-14-pro-5g-12-go-ram-512-go-noir-65997468.html,5499.0,N/A,Aucune,2025-01-28 14:38:26
XIAOMI,Redmi Note,256GB,Jumia,PC Portables,https://www.jumia.ma/xiaomi-redmi-note-13-66-amoled-120hz-256go-8go-snapdragon-685-6-nm-108mp-black-65874176.html,2199.0,1979.0,10%,2025-01-28 14:38:30
Apple,iPhone 11,128GB,Jumia,PC Portables,https://www.jumia.ma/apple-iphone-11-61-128-go-4-go-ram-noir-41611730.html,9299.0,6175.0,34%,2025-01-28 14:38:30
Apple,iPhone 11,64GB,Jumia,PC Portables,https://www.jumia.ma/apple-iphone-11-61-64-go-4-go-ram-noir-65961414.html,8490.0,5587.0,34%,2025-01-28 14:38:30
Samsung,Galaxy A16,128GB,Jumia,PC Portables,https://www.jumia.ma/samsung-galaxy-a16-128-go-4-go-ram-black-65804241.html,2499.0,1949.0,22%,2025-01-28 14:38:30
Samsung,Galaxy A55,8GB,Jumia,PC Portables,https://www.jumia.ma/samsung-galaxy-a55-5g-6.5-8-go-ram-256-go-rom-50-mp-12-mp-5-mp-32-mp-jaune-65470484.html,5680.0,4600.0,19%,2025-01-28 14:38:30
Apple,iPhone 16,128GB,Jumia,PC Portables,https://www.jumia.ma/apple-iphone-16-61-128-go-8-go-ram-noir-65767716.html,11999.0,9975.0,17%,2025-01-28 14:38:30
XIAOMI,Redmi note,8GB,Jumia,PC Portables,https://www.jumia.ma/xiaomi-redmi-note-14-pro-6.67-8-go-ram-256-go-bleu-65989454.html,3449.0,N/A,Aucune,2025-01-28 14:38:30
XIAOMI,Redmi note,8GB,Jumia,PC Portables,https://www.jumia.ma/xiaomi-redmi-note-14-pro-6.67-8-go-ram-256-go-black-65989453.html,3449.0,N/A,Aucune,2025-01-28 14:38:30
Oppo,A3,64GB,Jumia,PC Portables,https://www.jumia.ma/oppo-a3x-66-64-go-4-go-ram-nebula-red-65689033.html,1399.0,1299.0,7%,2025-01-28 14:38:30
XIAOMI,Redmi note,8GB,Jumia,PC Portables,https://www.jumia.ma/xiaomi-redmi-note-14-8-go-ram-256-go-noir-65997464.html,2349.0,N/A,Aucune,2025-01-28 14:38:30
Apple,iPhone 16,256GB,Jumia,PC Portables,https://www.jumia.ma/apple-iphone-16-pro-max-69-256-go-8-go-ram-titane-naturel-65765793.html,18999.0,15975.0,16%,2025-01-28 14:38:30
Apple,iPhone 15,128GB,Jumia,PC Portables,https://www.jumia.ma/iphone-15-pro-128gb-titane-bleu-61-bouton-action-a17-pro-8gb-ram-ios-17-siri-apple-mpg1455792.html,17799.0,11375.0,36%,2025-01-28 14:38:30
Apple,iPhone 14,6GB,Jumia,PC Portables,https://www.jumia.ma/iphone-14-pro-max-512gb-noir-sideral-67-space-black-6gb-ram-ios-dynamic-island-apple-mpg1455784.html,26999.0,15175.0,44%,2025-01-28 14:38:33
XIAOMI,Redmi Note,256GB,Jumia,PC Portables,https://www.jumia.ma/xiaomi-redmi-note-14-66-amoled-120hz-256go-8go-helio-g99-ultra-108mp-black-65998643.html,2599.0,2399.0,8%,2025-01-28 14:38:33
Samsung,Galaxy A05s,128GB,Jumia,PC Portables,https://www.jumia.ma/samsung-galaxy-a05s-128-go-6-go-ram-light-violet-65779993.html,2789.0,2199.0,21%,2025-01-28 14:38:33
Apple,iPhone 14,128GB,Jumia,PC Portables,https://www.jumia.ma/apple-iphone-14-pro-max-6.7-128-go-or-gold-new-65872993.html,12875.0,11500.0,11%,2025-01-28 14:38:33
Samsung,Galaxy A15,4GB,Jumia,PC Portables,https://www.jumia.ma/samsung-galaxy-a15-6.6-4-go-ram-128-go-rom-50-mp-4g-lte-bleu-64940002.html,2000.0,1890.0,6%,2025-01-28 14:38:33
XIAOMI,Redmi Note,8GB,Jumia,PC Portables,https://www.jumia.ma/xiaomi-redmi-note-13-pro-5g-8-go-ram-256-go-rom-snapdragon-7s-gen-2-200-mp-ocean-teal-65776413.html,3499.0,3199.0,9%,2025-01-28 14:38:33
Samsung,Galaxy A55,8GB,Jumia,PC Portables,https://www.jumia.ma/samsung-galaxy-a55-5g-6.5-8-go-ram-256-go-rom-50-mp-12-mp-5-mp-32-mp-awesome-lilac-chargeur-25w-65754520.html,5600.0,4690.0,16%,2025-01-28 14:38:33
XIAOMI,Redmi Note,128GB,Jumia,PC Portables,https://www.jumia.ma/xiaomi-redmi-note-13-6.6-128-go-6-go-ram-amoled-120hz-snapdragon-685-108mp-bleu-64584507.html,2349.0,1869.0,20%,2025-01-28 14:38:33
Apple,iPhone 15,8GB,Jumia,PC Portables,https://www.jumia.ma/apple-iphone-15-pro-max-6.7-8-go-ram-256-go-titane-naturel-ecran-oled-remis-a-neuf-64800197.html,14700.0,11799.0,20%,2025-01-28 14:38:33
Apple,iPhone 16,128GB,Jumia,PC Portables,https://www.jumia.ma/apple-iphone-16-61-128-go-8-go-ram-outremer-65767708.html,11999.0,10975.0,9%,2025-01-28 14:38:33
Samsung,Galaxy A04s,128GB,Jumia,PC Portables,https://www.jumia.ma/samsung-galaxy-a04s-6.5-128-go-4-go-ram-copper-65328977.html,1999.0,1599.0,20%,2025-01-28 14:38:33
XIAOMI,Redmi A3x,128GB,Jumia,PC Portables,https://www.jumia.ma/xiaomi-redmi-a3x-6.7-128-go-4-go-ram-5000mah-aurora-green-65550967.html,1345.0,1179.0,12%,2025-01-28 14:38:33
Samsung,Galaxy A14,128GB,Jumia,PC Portables,https://www.jumia.ma/samsung-galaxy-a14-6.6-128-go-4-go-ram-50-mp-green-65142555.html,1880.0,N/A,Aucune,2025-01-28 14:38:33
Samsung,Galaxy A14,128GB,Jumia,PC Portables,https://www.jumia.ma/samsung-galaxy-a14-6.6-128-go-4-go-ram-50-mp-green-65142555.html,1880.0,N/A,Aucune,2025-01-28 14:38:36
Apple,iPhone 16,128GB,Jumia,PC Portables,https://www.jumia.ma/apple-iphone-16-61-128-go-8-go-ram-rose-65767715.html,11999.0,10975.0,9%,2025-01-28 14:38:36
Apple,iPhone 16,128GB,Jumia,PC Portables,https://www.jumia.ma/apple-iphone-16-plus-67-128-go-8-go-ram-rose-65780011.html,12999.0,12975.0,1%,2025-01-28 14:38:36
XIAOMI,Redmi A3x,64GB,Jumia,PC Portables,https://www.jumia.ma/redmi-a3x-6.7-64go-3ram-5000mah-midnight-black-xiaomi-mpg1482878.html,1249.0,1029.0,18%,2025-01-28 14:38:36
Apple,iPhone 16,128GB,Jumia,PC Portables,https://www.jumia.ma/apple-iphone-16-61-128-go-8-go-ram-sarcelle-65767707.html,11999.0,10675.0,11%,2025-01-28 14:38:36
Oppo,A3,64GB,Jumia,PC Portables,https://www.jumia.ma/oppo-a3x-66-64-go-4-go-ram-ocean-blue-65685471.html,1399.0,1299.0,7%,2025-01-28 14:38:36
Samsung,Galaxy S24,8GB,Jumia,PC Portables,https://www.jumia.ma/samsung-galaxy-s24-6.2-8-go-ram-128-go-noir-dynamic-amoled-2x-120hz-new-65784017.html,9899.0,6899.0,30%,2025-01-28 14:38:36
Apple,iPhone 16,512GB,Jumia,PC Portables,https://www.jumia.ma/apple-iphone-16-pro-max-69-512-go-8-go-ram-titane-sable-65939772.html,19999.0,18675.0,7%,2025-01-28 14:38:36
Samsung,Galaxy A35,8GB,Jumia,PC Portables,https://www.jumia.ma/samsung-galaxy-a35-5g-6.6-8-go-ram-256-go-rom-50-mp-12-mp-5-mp-32-mp-noir-65296541.html,4690.0,4090.0,13%,2025-01-28 14:38:36
XIAOMI,Redmi 14C,256GB,Jumia,PC Portables,https://www.jumia.ma/xiaomi-redmi-14c-6.88-256-go-8-go-ram-jusqua-16-go-helio-g81-ultra-5160-mah-50mp-starry-blue-65660295.html,1999.0,1769.0,12%,2025-01-28 14:38:36
XIAOMI,Redmi note,8GB,Jumia,PC Portables,https://www.jumia.ma/xiaomi-redmi-note-14-pro-5g-8-go-ram-256-go-violet-65997470.html,4849.0,N/A,Aucune,2025-01-28 14:38:36
Apple,iPhone 16,256GB,Jumia,PC Portables,https://www.jumia.ma/apple-iphone-16-pro-63-256-go-8-go-ram-titane-sable-65766141.html,17999.0,14675.0,18%,2025-01-28 14:38:36
Samsung,Galaxy A55,8GB,Jumia,PC Portables,https://www.jumia.ma/samsung-galaxy-a55-5g-6.5-8-go-ram-256-go-rom-50-mp-12-mp-5-mp-32-mp-awesome-lilac-65703209.html,5200.0,4530.0,13%,2025-01-28 14:38:36
Samsung,Galaxy A06,64GB,Jumia,PC Portables,https://www.jumia.ma/samsung-galaxy-a06-lte-6.7-64-go-4go-ram-helio-g99-dual-sim-4g-noir-65655138.html,1803.0,1394.0,23%,2025-01-28 14:38:40
XIAOMI,Redmi A3x,64GB,Jumia,PC Portables,https://www.jumia.ma/xiaomi-redmi-a3x-6.7-64-go-3-go-ram-5000mah-midnight-black-65418732.html,1345.0,1040.0,23%,2025-01-28 14:38:40
Apple,iPhone 13,128GB,Jumia,PC Portables,https://www.jumia.ma/apple-iphone-13-61-128-go-4-go-ram-rouge-43440012.html,9999.0,7575.0,24%,2025-01-28 14:38:40
XIAOMI,Redmi Note,6GB,Jumia,PC Portables,https://www.jumia.ma/xiaomi-redmi-note-13-amoled-120hz-6.67-6-go-ram-128-go-rom-snapdragon-685-108-mp-8-mp-noir-65756406.html,2290.0,2190.0,4%,2025-01-28 14:38:40
Samsung,Galaxy A54,128GB,Jumia,PC Portables,https://www.jumia.ma/samsung-galaxy-a54-5g-6.5-128-go-8-go-ram-50-mp-12-mp-5-mp-32-mp-awesome-lime-65127533.html,4100.0,3770.0,8%,2025-01-28 14:38:40
Samsung,Galaxy A04s,64GB,Jumia,PC Portables,https://www.jumia.ma/samsung-galaxy-a04s-6.5-64-go-4-go-ram-blanc-65312627.html,1699.0,1390.0,18%,2025-01-28 14:38:40
Apple,iPhone 16,128GB,Jumia,PC Portables,https://www.jumia.ma/apple-iphone-16-61-128-go-8-go-ram-blanc-65767721.html,11999.0,9975.0,17%,2025-01-28 14:38:40
Apple,iPhone 16,256GB,Jumia,PC Portables,https://www.jumia.ma/apple-iphone-16-pro-max-69-256-go-8-go-ram-titane-blanc-65766121.html,18999.0,15975.0,16%,2025-01-28 14:38:40
Apple,iPhone 15,256GB,Jumia,PC Portables,https://www.jumia.ma/apple-iphone-15-pro-max-67-256-go-8-go-ram-titane-naturel-65961422.html,16900.0,12900.0,24%,2025-01-28 14:38:40
Apple,iPhone 16,256GB,Jumia,PC Portables,https://www.jumia.ma/apple-iphone-16-pro-63-256-go-8-go-ram-titane-noir-65766144.html,17999.0,14275.0,21%,2025-01-28 14:38:40
XIAOMI,Redmi 13,8GB,Jumia,PC Portables,https://www.jumia.ma/xiaomi-redmi-13-6.79-8-go-ram-256-go-rom-helio-g91-ultra-5030-mah-33w-108-mp-bleu-watch-kit-65777256.html,2290.0,2090.0,9%,2025-01-28 14:38:40
Infinix,Note 40,256GB,Jumia,PC Portables,https://www.jumia.ma/infinix-note-40-pro-5g-6.78-256-go-24-go-ram-12-go-12-go-noir-65655360.html,4300.0,3600.0,16%,2025-01-28 14:38:40
Samsung,Galaxy A25,6GB,Jumia,PC Portables,https://www.jumia.ma/samsung-galaxy-a25-5g-6.3-6-go-ram-128-go-rom-50-mp-bleu-64765996.html,2690.0,2390.0,11%,2025-01-28 14:38:40
XIAOMI,Redmi note,8GB,Jumia,PC Portables,https://www.jumia.ma/xiaomi-redmi-note-14-pro-5g-8-go-ram-256-go-noir-65997471.html,4849.0,N/A,Aucune,2025-01-28 14:38:43
Samsung,Galaxy A16,4GB,Jumia,PC Portables,https://www.jumia.ma/samsung-galaxy-a16-6.7-4-go-ram-128-go-rom-50-mp-4g-lte-noir-65966958.html,1990.0,1790.0,10%,2025-01-28 14:38:43
Samsung,Galaxy A25,8GB,Jumia,PC Portables,https://www.jumia.ma/samsung-galaxy-a25-5g-6.3-8-go-ram-256-go-rom-50-mp-jaune-64765999.html,3700.0,2990.0,19%,2025-01-28 14:38:43
Samsung,Galaxy S24,512GB,Jumia,PC Portables,https://www.jumia.ma/samsung-galaxy-s24-ultra-sm-s928b-6.8-512-go-12-go-ram-dynamic-amoled-2x-titanium-noir-neuf-64856069.html,17600.0,13999.0,20%,2025-01-28 14:38:43
Infinix,Note 40,256GB,Jumia,PC Portables,https://www.jumia.ma/infinix-note-40-pro-6.7-256-go-12-go-ram-green-65111720.html,3699.0,3649.0,1%,2025-01-28 14:38:43
Samsung,Galaxy A03,4GB,Jumia,PC Portables,https://www.jumia.ma/galaxy-a03-4g-ram-64-g-rom-6.5-5000-mah-48mp-dual-sim-noir-samsung-mpg1395261.html,1440.0,N/A,Aucune,2025-01-28 14:38:43
Samsung,A16,6GB,Jumia,PC Portables,https://www.jumia.ma/samsung-smartphone-a16-lte-black-6.7-helio-g99-6go-128go-android-4g-dual-sim-13-mpx-50-mpx-5-mpx-2mp-65831158.html,3349.0,2489.0,26%,2025-01-28 14:38:43
Oppo,A76,4GB,Jumia,PC Portables,https://www.jumia.ma/oppo-a76-4-go-ram-128-go-rom-extension-ram-5-go-33w-snapdragon-680-noir-62061633.html,1750.0,N/A,Aucune,2025-01-28 14:38:43
Apple,iPhone 16,128GB,Jumia,PC Portables,https://www.jumia.ma/apple-iphone-16-pro-63-128-go-8-go-ram-titane-naturel-65766185.html,16499.0,13375.0,19%,2025-01-28 14:38:43
Oppo,A3,128GB,Jumia,PC Portables,https://www.jumia.ma/oppo-a3x-66-128-go-4-go-ram-ocean-blue-65947353.html,1699.0,1519.0,11%,2025-01-28 14:38:43
XIAOMI,Redmi 14C,256GB,Jumia,PC Portables,https://www.jumia.ma/xiaomi-redmi-14c-6.88-256-go-8-go-ram-jusqua-16-go-helio-g81-ultra-5160-mah-50mp-dreamy-purple-65640961.html,1999.0,1796.0,10%,2025-01-28 14:38:43
Samsung,Galaxy S22,8GB,Jumia,PC Portables,https://www.jumia.ma/samsung-galaxy-s22-black-6.1-8go-128go-dual-sim-remis-a-neuf-65142557.html,5600.0,4700.0,16%,2025-01-28 14:38:43
XIAOMI,Redmi A3x,64GB,Jumia,PC Portables,https://www.jumia.ma/xiaomi-redmi-a3x-6.7-64-go-3-go-ram-5000mah-aurora-green-65418734.html,1345.0,1029.0,23%,2025-01-28 14:38:43
XIAOMI,Redmi A3x,64GB,Jumia,PC Portables,https://www.jumia.ma/xiaomi-redmi-a3x-6.7-64-go-3-go-ram-8mp-5000mah-moonlight-white-65418735.html,1345.0,1040.0,23%,2025-01-28 14:38:46
Samsung,Galaxy S22,8GB,Jumia,PC Portables,https://www.jumia.ma/samsung-galaxy-s22-black-noir-6.1-8go-256go-dual-sim-remis-a-neuf-61997350.html,6299.0,4299.0,32%,2025-01-28 14:38:46
Samsung,Galaxy A16,4GB,Jumia,PC Portables,https://www.jumia.ma/samsung-galaxy-a16-6.7-4-go-ram-128-go-rom-50-mp-adapter-4g-lte-noir-65966962.html,2090.0,1890.0,10%,2025-01-28 14:38:46
XIAOMI,Redmi 14C,128GB,Jumia,PC Portables,https://www.jumia.ma/redmi-14c-6.88-128gb-4gb-jusqua-8go-helio-g81-ultra-5160-mah-50-mp-sage-green-xiaomi-mpg1469224.html,1799.0,1459.0,19%,2025-01-28 14:38:46
Apple,iPhone 16,128GB,Jumia,PC Portables,https://www.jumia.ma/apple-iphone-16-plus-67-128-go-8-go-ram-outremer-65779984.html,12999.0,12075.0,7%,2025-01-28 14:38:46
Samsung,Galaxy A35,8GB,Jumia,PC Portables,https://www.jumia.ma/samsung-galaxy-a35-5g-6.6-8-go-ram-256-go-rom-50-mp-12-mp-5-mp-32-mp-violet-65296249.html,4690.0,4390.0,6%,2025-01-28 14:38:46
Apple,iPhone 16,128GB,Jumia,PC Portables,https://www.jumia.ma/apple-iphone-16-pro-63-128-go-8-go-ram-titane-sable-65766180.html,16499.0,13675.0,17%,2025-01-28 14:38:46
XIAOMI,Redmi 12,256GB,Jumia,PC Portables,https://www.jumia.ma/xiaomi-redmi-12-6.79-256-go-8-go-ram-helio-g88-5000mah-50mp-bleu-65198979.html,2099.0,1699.0,19%,2025-01-28 14:38:46
Samsung,A05,64GB,Jumia,PC Portables,https://www.jumia.ma/samsung-a05-6.7-64-go-4-go-ram-ips-lcd-5000-mah-50mp-noir-64881531.html,1449.0,N/A,Aucune,2025-01-28 14:38:46
XIAOMI,Redmi 14C,128GB,Jumia,PC Portables,https://www.jumia.ma/xiaomi-redmi-14c-6.88-128-go-8-go-ram-bleu-65957491.html,1499.0,N/A,Aucune,2025-01-28 14:38:46
XIAOMI,Redmi 14C,128GB,Jumia,PC Portables,https://www.jumia.ma/xiaomi-redmi-14c-6.88-128-go-4-go-ram-jusqua-8-go-helio-g81-ultra-5160-mah-50mp-starry-blue-65635739.html,1999.0,1450.0,27%,2025-01-28 14:38:46
Samsung,Galaxy S24,12GB,Jumia,PC Portables,https://www.jumia.ma/samsung-galaxy-s24-ultra-sm-s928b-titanium-gris-12go-512-go-dynamic-amoled-2x-neuf-64720057.html,17500.0,13799.0,21%,2025-01-28 14:38:46
Samsung,Galaxy S24,256GB,Jumia,PC Portables,https://www.jumia.ma/samsung-galaxy-s24-6.1-256-go-12-go-ram-5g-dual-sim-sm-s926bzvbmwd-65556080.html,21236.0,16767.0,21%,2025-01-28 14:38:46
XIAOMI,Redmi Note,128GB,Jumia,PC Portables,https://www.jumia.ma/xiaomi-redmi-note-11-pro-6.67-128-go-8-go-ram-graphite-gray-65252721.html,3199.0,2939.0,8%,2025-01-28 14:38:46
ZTE,Nubia V60,14GB,Jumia,PC Portables,https://www.jumia.ma/zte-nubia-v60-design-6.6-256gb-4gb-jusqua-14go-5000-mah-50mp-sunrise-violet-65925119.html,1599.0,1439.0,10%,2025-01-28 14:38:46
Apple,iPhone 15,256GB,Jumia,PC Portables,https://www.jumia.ma/apple-iphone-15-pro-max-67-256-go-8-go-ram-blue-titanium-65961089.html,16900.0,12900.0,24%,2025-01-28 14:38:46
XIAOMI,Redmi 13,256GB,Jumia,PC Portables,https://www.jumia.ma/xiaomi-redmi-13-6.79-256-go-8-go-ram-helio-g91-ultra-5030mah33w-108mp-noir-65286788.html,2399.0,1880.0,22%,2025-01-28 14:38:46
XIAOMI,Redmi A3,128GB,Jumia,PC Portables,https://www.jumia.ma/xiaomi-redmi-a3-pro-6.88-128-go-4-go-ram-helio-g81-ultra-5160-mah-50mp-navy-blue-65874182.html,1399.0,1329.0,5%,2025-01-28 14:38:46
Samsung,Galaxy A05,64GB,Jumia,PC Portables,https://www.jumia.ma/samsung-galaxy-a05-6.7-64-go-4-go-ram-silver-65873502.html,1249.0,N/A,Aucune,2025-01-28 14:38:49
Apple,iPhone 15,128GB,Jumia,PC Portables,https://www.jumia.ma/apple-iphone-15-61-128-go-6-go-ram-jaune-64037208.html,13000.0,9575.0,26%,2025-01-28 14:38:49
ZTE,A34,8GB,Jumia,PC Portables,https://www.jumia.ma/zte-blade-a34-6.6-64gb-4gb-jusqua-8go-green-65915106.html,1040.0,949.0,9%,2025-01-28 14:38:49
Samsung,Galaxy A05S,128GB,Jumia,PC Portables,https://www.jumia.ma/samsung-galaxy-a05s-6.5-128-go-4-go-ram-noir-65956664.html,1650.0,1550.0,6%,2025-01-28 14:38:49
Samsung,Galaxy M33,6GB,Jumia,PC Portables,https://www.jumia.ma/samsung-galaxy-m33-6.6-5g-6-go-ram-128-go-rom-dual-sim-50-mp-marron-62057833.html,2390.0,N/A,Aucune,2025-01-28 14:38:49
Samsung,Galaxy A06,128GB,Jumia,PC Portables,https://www.jumia.ma/samsung-galaxy-a06-67-128-go-6-go-ram-gold-65644307.html,1749.0,N/A,Aucune,2025-01-28 14:38:49
Samsung,Galaxy Z,12GB,Jumia,PC Portables,https://www.jumia.ma/samsung-galaxy-z-fold-6-7.6-1-to-snapdragon-8-12-go-ram-5g-pink-sm-f956blidmwd-65442240.html,32727.0,25341.0,23%,2025-01-28 14:38:49
XIAOMI,Redmi Note,8GB,Jumia,PC Portables,https://www.jumia.ma/xiaomi-redmi-note-10-pro-6.67-8go-128go-108mp8mp-bronze-64230219.html,3249.0,N/A,Aucune,2025-01-28 14:38:49
Samsung,Galaxy Z,512GB,Jumia,PC Portables,https://www.jumia.ma/samsung-galaxy-z-flip-6-6.7-512-go-argent-shadow-sm-f741bzsemwd-65467094.html,34446.0,26680.0,23%,2025-01-28 14:38:49
XIAOMI,RedmiI,256GB,Jumia,PC Portables,https://www.jumia.ma/xiaomi-redmii-note-13-pro-6.67-256-go-8-go-ram-lavender-purple-65956433.html,3050.0,2750.0,10%,2025-01-28 14:38:49
XIAOMI,Redmi Note,6GB,Jumia,PC Portables,https://www.jumia.ma/xiaomi-redmi-note-11s-6.5-6-go-ram-128-go-rom-mediatek-helio-g96-108-mp-noir-kit-watch-65768949.html,2490.0,1990.0,20%,2025-01-28 14:38:49
Apple,iPhone 15,128GB,Jumia,PC Portables,https://www.jumia.ma/apple-iphone-15-plus-67-128-go-6-go-ram-vert-64124385.html,14000.0,10975.0,22%,2025-01-28 14:38:49
Samsung,Galaxy A14,128GB,Jumia,PC Portables,https://www.jumia.ma/samsung-galaxy-a14-6.6-128-go-4-go-ram-50-mp-silver-65142561.html,2100.0,1880.0,10%,2025-01-28 14:38:49
Apple,iPhone 16,128GB,Jumia,PC Portables,https://www.jumia.ma/apple-iphone-16-plus-67-128-go-8-go-ram-sarcelle-65779990.html,12999.0,12975.0,1%,2025-01-28 14:38:49
Samsung,Galaxy M33,6GB,Jumia,PC Portables,https://www.jumia.ma/samsung-galaxy-m33-6.6-5g-6-go-ram-128-go-rom-dual-sim-50-mp-vert-58594688.html,2490.0,N/A,Aucune,2025-01-28 14:38:49
Samsung,Galaxy A14,128GB,Jumia,PC Portables,https://www.jumia.ma/samsung-galaxy-a14-6.6-128-go-4-go-ram-50-mp-silver-65142561.html,2100.0,1880.0,10%,2025-01-28 14:38:54
Apple,iPhone 16,128GB,Jumia,PC Portables,https://www.jumia.ma/apple-iphone-16-plus-67-128-go-8-go-ram-sarcelle-65779990.html,12999.0,12975.0,1%,2025-01-28 14:38:54
Samsung,Galaxy M33,6GB,Jumia,PC Portables,https://www.jumia.ma/samsung-galaxy-m33-6.6-5g-6-go-ram-128-go-rom-dual-sim-50-mp-vert-58594688.html,2490.0,N/A,Aucune,2025-01-28 14:38:54
Infinix,Note 40,8GB,Jumia,PC Portables,https://www.jumia.ma/infinix-note-40-6.7-88-go-ram-256-go-rom-108-mp-32-mp-helio-g99-noir-65252480.html,2850.0,N/A,Aucune,2025-01-28 14:38:54
Samsung,Galaxy A25,6GB,Jumia,PC Portables,https://www.jumia.ma/samsung-galaxy-a25-5g-6.3-6-go-ram-128-go-rom-50-mp-jaune-64765998.html,2530.0,2390.0,6%,2025-01-28 14:38:54
Apple,iPhone 16,128GB,Jumia,PC Portables,https://www.jumia.ma/apple-iphone-16-plus-67-128-go-8-go-ram-noir-65779997.html,12999.0,11975.0,8%,2025-01-28 14:38:54
XIAOMI,Redmi note,12GB,Jumia,PC Portables,https://www.jumia.ma/xiaomi-redmi-note-14-pro-5g-12-go-ram-512-go-violet-65997467.html,5499.0,N/A,Aucune,2025-01-28 14:38:54
Samsung,Galaxy A05,4GB,Jumia,PC Portables,https://www.jumia.ma/samsung-galaxy-a05-6.7-4-go-ram-128-go-rom-50-mp-4g-lte-vert-64541174.html,1290.0,N/A,Aucune,2025-01-28 14:38:54
ZTE,A34,64GB,Jumia,PC Portables,https://www.jumia.ma/zte-blade-a34-6.6-64-go-6-go-ram-4-go-2-go-deverrouillage-facial-noir-65682016.html,1200.0,980.0,18%,2025-01-28 14:38:54
ZTE,Nubia V60,16GB,Jumia,PC Portables,https://www.jumia.ma/zte-nubia-v60-design-6.6-256gb-6gb-jusqua-16go-5000-mah-50mp-dark-blue-65915158.html,1699.0,1539.0,9%,2025-01-28 14:38:54
Samsung,A06,64GB,Jumia,PC Portables,https://www.jumia.ma/samsung-a06-6.7-64-go-4-go-ram-helio-g85-5000-mah25w-50mp-adaptateur-light-blue-65874199.html,1399.0,1259.0,10%,2025-01-28 14:38:54
Samsung,Galaxy Z,512GB,Jumia,PC Portables,https://www.jumia.ma/samsung-galaxy-z-fold-6-7.6-512-go-snapdragon-8-12-go-ram-5g-argent-shadow-sm-f956bzsgmwd-65574583.html,19590.0,15194.0,22%,2025-01-28 14:38:54
XIAOMI,Redmi A3x,128GB,Jumia,PC Portables,https://www.jumia.ma/xiaomi-redmi-a3x-6.7-128-go-4-go-ram-8mp-5000mah-moonlight-white-65726376.html,1349.0,1179.0,13%,2025-01-28 14:38:54
Samsung,Galaxy A16,256GB,Jumia,PC Portables,https://www.jumia.ma/samsung-galaxy-a16-lte-6.7-256-go-8-go-ram-helio-g99-dual-sim-4g-vert-clair-65556862.html,32415.0,25100.0,23%,2025-01-28 14:38:54
Oppo,A76,4GB,Jumia,PC Portables,https://www.jumia.ma/oppo-a76-4-go-ram-128-go-rom-extension-ram-5-go-33w-snapdragon-680-5000-mah-bleu-62061634.html,1700.0,N/A,Aucune,2025-01-28 14:38:54
Apple,iPhone 16,256GB,Jumia,PC Portables,https://www.jumia.ma/apple-iphone-16-pro-63-256-go-8-go-ram-titane-naturel-65766155.html,17999.0,14675.0,18%,2025-01-28 14:38:54
XIAOMI,Redmi 13,128GB,Jumia,PC Portables,https://www.jumia.ma/xiaomi-redmi-13-6.79-128-go-8-go-ram-helio-g91-5030mah33w-108mp-pink-65282859.html,2099.0,1839.0,12%,2025-01-28 14:39:00
Itel,A58,32GB,Jumia,PC Portables,https://www.jumia.ma/itel-a58-pro-6.6-32-go-2-go-ram-4000-mah-sky-cyan-65765635.html,1100.0,870.0,21%,2025-01-28 14:39:00
Apple,iPhone 16,256GB,Jumia,PC Portables,https://www.jumia.ma/apple-iphone-16-61-256-go-8-go-ram-blanc-65924636.html,12999.0,11975.0,8%,2025-01-28 14:39:00
Samsung,A05,128GB,Jumia,PC Portables,https://www.jumia.ma/samsung-a05s-6.7-128-go-4-go-ram-ips-lcd-snapdragon-680-5000-mah-50mp-noir-64735161.html,1849.0,N/A,Aucune,2025-01-28 14:39:00
Apple,iPhone 16,128GB,Jumia,PC Portables,https://www.jumia.ma/apple-iphone-16-6.1-128-go-noir-bouton-action-controle-de-camera-a18-ios-48-mpx-new-65807960.html,11999.0,10299.0,14%,2025-01-28 14:39:00
Samsung,A15,128GB,Jumia,PC Portables,https://www.jumia.ma/samsung-a15-6.5-128-go-4-go-ram-amoled-90hz-helio-g99-5000-mah-noir-64735167.html,2199.0,1840.0,16%,2025-01-28 14:39:00
Samsung,Galaxy Z,512GB,Jumia,PC Portables,https://www.jumia.ma/samsung-galaxy-z-fold-6-7.6-512-go-snapdragon-8-12-go-ram-5g-navy-sm-f956bdbhmwd-65574586.html,19245.0,15195.0,21%,2025-01-28 14:39:00
Apple,iPhone 16,256GB,Jumia,PC Portables,https://www.jumia.ma/apple-iphone-16-pro-max-6.7-256-go-titane-black-new-65971242.html,18999.0,15699.0,17%,2025-01-28 14:39:00
Samsung,Galaxy A14,128GB,Jumia,PC Portables,https://www.jumia.ma/samsung-galaxy-a14-66-128-go-4-go-ram-noir-64727942.html,1980.0,N/A,Aucune,2025-01-28 14:39:00
Apple,iPhone 16,128GB,Jumia,PC Portables,https://www.jumia.ma/apple-iphone-16-pro-63-128-go-8-go-ram-titane-noir-65766182.html,16499.0,13675.0,17%,2025-01-28 14:39:00
Samsung,galaxy a05s,6GB,Jumia,PC Portables,https://www.jumia.ma/samsung-galaxy-a05s-light-violet-6go-128go-sm-a057flvhmwd-65311351.html,2829.0,2094.0,26%,2025-01-28 14:39:00
XIAOMI,Redmi Note,128GB,Jumia,PC Portables,https://www.jumia.ma/xiaomi-redmi-note-13-66-128-go-6-go-ram-ice-blue-65645824.html,2299.0,N/A,Aucune,2025-01-28 14:39:00
XIAOMI,Redmi 12,4GB,Jumia,PC Portables,https://www.jumia.ma/xiaomi-redmi-12-amoled-679-4go-256go-mediatek-helio-g88-50mp-silver-66003118.html,1559.0,1499.0,4%,2025-01-28 14:39:00
ZTE,Nubia V60,14GB,Jumia,PC Portables,https://www.jumia.ma/zte-nubia-v60-design-6.6-256gb-4gb-jusqua-14go-5000-mah-50mp-dark-blue-65915163.html,1599.0,1419.0,11%,2025-01-28 14:39:00
Apple,iPhone 16,256GB,Jumia,PC Portables,https://www.jumia.ma/apple-iphone-16-pro-63-256-go-8-go-ram-titane-blanc-65766164.html,17999.0,14675.0,18%,2025-01-28 14:39:00
XIAOMI,Redmi A3X,128GB,Jumia,PC Portables,https://www.jumia.ma/xiaomi-redmi-a3x-6.7-128-go-4-go-ram-red-65626285.html,1399.0,1179.0,16%,2025-01-28 14:39:00
Oppo,A76,6GB,Jumia,PC Portables,https://www.jumia.ma/oppo-a76-6-go-ram-128-go-rom-extension-ram-5-go-33w-snapdragon-680-noir-61372262.html,2390.0,N/A,Aucune,2025-01-28 14:39:00
XIAOMI,Redmi note,12GB,Jumia,PC Portables,https://www.jumia.ma/xiaomi-redmi-note-14-pro-6.67-12-go-ram-512-go-aurore-violette-65989449.html,3949.0,N/A,Aucune,2025-01-28 14:39:00
XIAOMI,Redmi Note,128GB,Jumia,PC Portables,https://www.jumia.ma/redmi-note-11-pro-8go-128go-amoled-fhd-de-667-g96-108mp-gris-xiaomi-mpg1441849.html,3199.0,2890.0,10%,2025-01-28 14:39:00
Samsung,Galaxy Z,512GB,Jumia,PC Portables,https://www.jumia.ma/samsung-galaxy-z-fold-6-7.6-512-go-snapdragon-8-12-go-ram-5g-pink-shadow-sm-f956bligmwd-65556077.html,20899.0,16501.0,21%,2025-01-28 14:39:03
Samsung,Galaxy A05,4GB,Jumia,PC Portables,https://www.jumia.ma/samsung-galaxy-a05-6.7-4-go-ram-128-go-rom-50-mp-4g-lte-noir-64545886.html,1390.0,1290.0,7%,2025-01-28 14:39:03
Oppo,A3,128GB,Jumia,PC Portables,https://www.jumia.ma/oppo-a3x-66-128-go-4-go-ram-nebula-red-65951638.html,1699.0,1499.0,12%,2025-01-28 14:39:03
XIAOMI,Redmi 13,128GB,Jumia,PC Portables,https://www.jumia.ma/xiaomi-redmi-13-6.79-128-go-8-go-ram-helio-g91-5030mah-108mp-gold-65288888.html,2399.0,1829.0,24%,2025-01-28 14:39:03
XIAOMI,Redmi note,8GB,Jumia,PC Portables,https://www.jumia.ma/xiaomi-redmi-note-14-8-go-ram-256-go-bleu-65997465.html,2349.0,N/A,Aucune,2025-01-28 14:39:03
Samsung,A55,8GB,Jumia,PC Portables,https://www.jumia.ma/samsung-smartphone-a55-awesome-navy-66-octa-core-8go-256go-android-5g-sm-a556ezkwmwd-65151411.html,7933.0,6238.0,21%,2025-01-28 14:39:03
XIAOMI,Redmi 14C,128GB,Jumia,PC Portables,https://www.jumia.ma/redmi-14c-6.88-128-go-6-go-ram-jusqua-12-go-helio-g81-ultra-5160-mah-50mp-midnight-black-xiaomi-mpg1500183.html,1999.0,1587.0,21%,2025-01-28 14:39:03
Apple,iPhone 14,128GB,Jumia,PC Portables,https://www.jumia.ma/iphone-14-128gb-rouge-61-red-a15-ios-mode-action-sos-6gb-ram-siri-garantie-apple-mpg1408675.html,12499.0,8575.0,31%,2025-01-28 14:39:03
Samsung,Galaxy Z,512GB,Jumia,PC Portables,https://www.jumia.ma/samsung-galaxy-z-flip-6-6.7-512-go-bleu-sm-f741blbemwd-65556079.html,21236.0,16767.0,21%,2025-01-28 14:39:03
Samsung,A15,128GB,Jumia,PC Portables,https://www.jumia.ma/samsung-a15-6.5-128-go-4-go-ram-amoled-90hz-helio-g99-5000-mah-personality-yellow-64735165.html,2199.0,1850.0,16%,2025-01-28 14:39:03
XIAOMI,Redmi note,8GB,Jumia,PC Portables,https://www.jumia.ma/xiaomi-redmi-note-14-8-go-ram-256-go-vert-65997463.html,2349.0,N/A,Aucune,2025-01-28 14:39:03
Apple,iPhone 14,128GB,Jumia,PC Portables,https://www.jumia.ma/iphone-14-128go-jaune-61-yellow-a15-ios-mode-action-sos-6gb-ram-garantie-apple-mpg1408678.html,12499.0,8575.0,31%,2025-01-28 14:39:03
ZTE,A35,64GB,Jumia,PC Portables,https://www.jumia.ma/zte-blade-a35-6.7-64go-rom-2gb-jusqua-6go-clover-green-65982175.html,1040.0,869.0,16%,2025-01-28 14:39:03
XIAOMI,Redmi 13,8GB,Jumia,PC Portables,https://www.jumia.ma/xiaomi-redmi-13-6.79-8-go-ram-256-go-rom-helio-g91-ultra-5030-mah-33w-108-mp-noir-65453420.html,2280.0,N/A,Aucune,2025-01-28 14:39:03
Vivo,Y03,64GB,Jumia,PC Portables,https://www.jumia.ma/vivo-y03-65-64go-rom-4gb-jusqua-8go-5000mah-helio-g85-gem-green-65431128.html,1299.0,1149.0,12%,2025-01-28 14:39:03
Samsung,Galaxy A55,8GB,Jumia,PC Portables,https://www.jumia.ma/samsung-galaxy-a55-5g-6.5-8-go-ram-256-go-rom-50-mp-12-mp-5-mp-32-mp-noir-chargeur-25w-65754517.html,5500.0,4550.0,17%,2025-01-28 14:39:03
Samsung,Galaxy A04s,64GB,Jumia,PC Portables,https://www.jumia.ma/samsung-galaxy-a04s-6.5-64-go-4-go-ram-copper-65328995.html,1799.0,1450.0,19%,2025-01-28 14:39:03
Samsung,Galaxy A06,128GB,Jumia,PC Portables,https://www.jumia.ma/samsung-galaxy-a06-6.7-128-go-4-go-ram-light-blue-65956504.html,1470.0,1385.0,6%,2025-01-28 14:39:03
XIAOMI,Redmi note,8GB,Jumia,PC Portables,https://www.jumia.ma/xiaomi-redmi-note-14-pro-5g-8-go-ram-256-go-bleu-65997469.html,4849.0,N/A,Aucune,2025-01-28 14:39:03
XIAOMI,Redmi note,8GB,Jumia,PC Portables,https://www.jumia.ma/xiaomi-redmi-note-14-pro-5g-8-go-ram-256-go-bleu-65997469.html,4849.0,N/A,Aucune,2025-01-28 14:39:07
XIAOMI,Redmi A3X,128GB,Jumia,PC Portables,https://www.jumia.ma/xiaomi-redmi-a3x-6.7-128-go-4-go-ram-red-65642657.html,1399.0,1179.0,16%,2025-01-28 14:39:07
Samsung,A15,128GB,Jumia,PC Portables,https://www.jumia.ma/samsung-a15-6.5-128-go-4-go-ram-amoled-90hz-helio-g99-5000-mah-adaptateur-black-65797016.html,1999.0,1891.0,5%,2025-01-28 14:39:07
Itel,Galaxy Blue,32GB,Jumia,PC Portables,https://www.jumia.ma/itel-p38-6.6-32-go-2-go-ram-galaxy-blue-57091528.html,1499.0,989.0,34%,2025-01-28 14:39:07
XIAOMI,REDMI 13,256GB,Jumia,PC Portables,https://www.jumia.ma/xiaomi-redmi-13-256-go-8-go-ram-sandy-gold-65796904.html,2200.0,1900.0,14%,2025-01-28 14:39:07
ZTE,A54,64GB,Jumia,PC Portables,https://www.jumia.ma/zte-blade-a54-6.6-64-go-8-go-ram-bleu-64902097.html,1499.0,1149.0,23%,2025-01-28 14:39:07
Oppo,A83,64GB,Jumia,PC Portables,https://www.jumia.ma/a83-5.7-64gb-4gb-13mp-camera-dual-sim-4g-bleu-oppo-mpg845453.html,2399.0,N/A,Aucune,2025-01-28 14:39:07
Infinix,Note 40,128GB,Jumia,PC Portables,https://www.jumia.ma/infinix-note-40-pro-6.78-128-go-12-go-ram-vintage-green-65763568.html,5100.0,3400.0,33%,2025-01-28 14:39:07
Samsung,Galaxy A25,256GB,Jumia,PC Portables,https://www.jumia.ma/samsung-galaxy-a25-5g-6.3-256-go-8-go-ram-50-mp-noir-65693541.html,3700.0,3080.0,17%,2025-01-28 14:39:07
Vivo,Y16,64GB,Jumia,PC Portables,https://www.jumia.ma/vivo-y16-6.5-64-go-4-go-ram-drizzling-gold-59223455.html,1699.0,N/A,Aucune,2025-01-28 14:39:07
Apple,iPhone 16,128GB,Jumia,PC Portables,https://www.jumia.ma/apple-iphone-16-pro-63-128-go-8-go-ram-titane-blanc-65766190.html,16499.0,13675.0,17%,2025-01-28 14:39:07
Vivo,Y35,128GB,Jumia,PC Portables,https://www.jumia.ma/vivo-y35-6.5-128-go-8-go-ram-agate-black-59821659.html,2799.0,N/A,Aucune,2025-01-28 14:39:10
XIAOMI,Redmi 14C,128GB,Jumia,PC Portables,https://www.jumia.ma/xiaomi-redmi-14c-6.88-128-go-6-go-ram-jusqua-12-go-helio-g81-ultra-5160-mah-50mp-dreamy-purple-65629971.html,1999.0,1599.0,20%,2025-01-28 14:39:10
XIAOMI,Redmi A3,128GB,Jumia,PC Portables,https://www.jumia.ma/xiaomi-redmi-a3-6.71-128-go-4-go-ram-noir-65956465.html,1320.0,1250.0,5%,2025-01-28 14:39:10
Samsung,Galaxy Z,256GB,Jumia,PC Portables,https://www.jumia.ma/samsung-galaxy-z-flip-6-6.7-256-go-menthe-sm-f741blgamwd-65556078.html,21236.0,16767.0,21%,2025-01-28 14:39:10
Samsung,Galaxy A35,256GB,Jumia,PC Portables,https://www.jumia.ma/samsung-galaxy-a35-6.6-256-go-8-go-ram-noir-65291280.html,6000.0,N/A,Aucune,2025-01-28 14:39:10
XIAOMI,Redmi note,12GB,Jumia,PC Portables,https://www.jumia.ma/xiaomi-redmi-note-14-pro-6.67-12-go-ram-512-go-bleu-65989451.html,3949.0,N/A,Aucune,2025-01-28 14:39:10
Samsung,Galaxy Z,512GB,Jumia,PC Portables,https://www.jumia.ma/samsung-galaxy-z-fold-6-7.6-512-go-snapdragon-8-12-go-ram-5g-rose-sm-f956bligmwd-65574582.html,19245.0,15195.0,21%,2025-01-28 14:39:10
Samsung,Galaxy A3,16GB,Jumia,PC Portables,https://www.jumia.ma/galaxy-a3-4g-16-go-android-4.4-or-samsung-mpg1965.html,2749.0,N/A,Aucune,2025-01-28 14:39:10
XIAOMI,REDMI NOTE,256GB,Jumia,PC Portables,https://www.jumia.ma/xiaomi-redmi-note-11-pro-5g-256-go-8-go-ram-65895959.html,4799.0,3200.0,33%,2025-01-28 14:39:10
XIAOMI,Redmi Note,256GB,Jumia,PC Portables,https://www.jumia.ma/xiaomi-redmi-note-14-66-amoled-120hz-256go-8go-helio-g99-ultra-108mp-blue-66012909.html,2599.0,2399.0,8%,2025-01-28 14:39:10
ZTE,A53,64GB,Jumia,PC Portables,https://www.jumia.ma/zte-blade-a53-652-64-go-2-go-ram-space-grey-65831289.html,1399.0,989.0,29%,2025-01-28 14:39:10
Samsung,Galaxy M33,6GB,Jumia,PC Portables,https://www.jumia.ma/samsung-galaxy-m33-6.6-5g-6-go-ram-128-go-rom-dual-sim-50-mp-bleu-58594698.html,2590.0,N/A,Aucune,2025-01-28 14:39:10
Samsung,A15,128GB,Jumia,PC Portables,https://www.jumia.ma/samsung-a15-6.5-128-go-4-go-ram-amoled-90hz-helio-g99-5000-mah-adaptateur-personality-yellow-65797327.html,1999.0,1890.0,5%,2025-01-28 14:39:10
ZTE,A54,128GB,Jumia,PC Portables,https://www.jumia.ma/zte-blade-a54-6.6-128-go-8-go-ram-gris-64885378.html,1599.0,1249.0,22%,2025-01-28 14:39:10
Itel,A50,64GB,Jumia,PC Portables,https://www.jumia.ma/itel-a50-6.6-64-go-6-go-ram-noir-65371028.html,1399.0,998.0,29%,2025-01-28 14:39:10
Samsung,Galaxy A05,64GB,Jumia,PC Portables,https://www.jumia.ma/samsung-galaxy-a05-6.5-64-go-4-go-ram-noir-65942888.html,1399.0,1209.0,14%,2025-01-28 14:39:10
ZTE,A34,64GB,Jumia,PC Portables,https://www.jumia.ma/zte-blade-a34-6.6-64-go-6-go-ram-noir-65180123.html,1499.0,1049.0,30%,2025-01-28 14:39:10
Apple,iPhone 16,128GB,Jumia,PC Portables,https://www.jumia.ma/apple-iphone-16-plus-67-128-go-8-go-ram-blanc-65780005.html,12999.0,11875.0,9%,2025-01-28 14:39:10
XIAOMI,Redmi Note,8GB,Jumia,PC Portables,https://www.jumia.ma/xiaomi-redmi-note-13-pro-6.67-8-go-ram-256-go-rom-snapdragon-7s-gen2-200-mp-vert-64760751.html,3190.0,N/A,Aucune,2025-01-28 14:39:10
XIAOMI,Redmi 14C,12GB,Jumia,PC Portables,https://www.jumia.ma/xiaomi-redmi-14c-6.88-128gb-6gb-jusqua-12go-helio-g81-ultra-5160-mah-50-mp-midnight-black-65641304.html,1589.0,N/A,Aucune,2025-01-28 14:39:10
XIAOMI,REDMI NOTE,256GB,Jumia,PC Portables,https://www.jumia.ma/xiaomi-redmi-note-13-pro-5g-256-go-8-go-ram-purple-65950268.html,4799.0,4200.0,12%,2025-01-28 14:39:10
ZTE,Nubia V60,16GB,Jumia,PC Portables,https://www.jumia.ma/zte-nubia-v60-design-6.6-256gb-6gb-jusqua-16go-5000-mah-50mp-champagne-gold-65915152.html,1699.0,1519.0,11%,2025-01-28 14:39:10
Samsung,Galaxy A05,4GB,Jumia,PC Portables,https://www.jumia.ma/samsung-galaxy-a05-6.7-4-go-ram-128-go-rom-50-mp-4g-lte-silver-64541183.html,1390.0,N/A,Aucune,2025-01-28 14:39:15
Samsung,Galaxy A16,128GB,Jumia,PC Portables,https://www.jumia.ma/samsung-galaxy-a16-lte-6.7-128-go-6-go-ram-helio-g99-dual-sim-4g-vert-clair-65816288.html,3349.0,2489.0,26%,2025-01-28 14:39:15
Samsung,A35,8GB,Jumia,PC Portables,https://www.jumia.ma/samsung-smartphone-a35-awesome-navy-6.6-octa-core-8go-256go-android-5g-ds-sm-a356ezkvmwd-65144834.html,6691.0,5416.0,19%,2025-01-28 14:39:15
Samsung,A06,64GB,Jumia,PC Portables,https://www.jumia.ma/samsung-a06-6.7-64-go-4-go-ram-helio-g85-5000-mah25w-50mp-gold-65723713.html,1299.0,N/A,Aucune,2025-01-28 14:39:15
Samsung,A05,128GB,Jumia,PC Portables,https://www.jumia.ma/samsung-a05-128-go-65694677.html,1499.0,1349.0,10%,2025-01-28 14:39:15
ZTE,A35,64GB,Jumia,PC Portables,https://www.jumia.ma/zte-blade-a35-6.7-64go-rom-2gb-jusqua-6go-clover-green-65976166.html,1049.0,899.0,14%,2025-01-28 14:39:15
XIAOMI,Redmi 9C,4GB,Jumia,PC Portables,https://www.jumia.ma/xiaomi-redmi-9c-6.53-4-go-ram-128-go-rom-android-13-mp-2-mp-2-mp-5-mp-vert-kit-watch-65767146.html,1590.0,1450.0,9%,2025-01-28 14:39:15
Samsung,Galaxy Z,256GB,Jumia,PC Portables,https://www.jumia.ma/samsung-galaxy-z-fold-4-7.6-256-go-12-go-ram-phantom-black-61902097.html,19000.0,14900.0,22%,2025-01-28 14:39:15
Samsung,Galaxy S24,8GB,Jumia,PC Portables,https://www.jumia.ma/samsung-galaxy-s24-amber-yellow-8go-256-go-sm-s921bzycmwd-65324747.html,16079.0,12414.0,23%,2025-01-28 14:39:15
Samsung,galaxy s24,8GB,Jumia,PC Portables,https://www.jumia.ma/samsung-galaxy-s24-cobalt-violet-8go-256-go-sm-s921bzvcmwd-65311224.html,16079.0,12414.0,23%,2025-01-28 14:39:15
XIAOMI,Redmi A3X,64GB,Jumia,PC Portables,https://www.jumia.ma/xiaomi-redmi-a3x-6.7-64-go-3-go-ram-red-65625376.html,1199.0,1050.0,12%,2025-01-28 14:39:15
Samsung,Galaxy A03,4GB,Jumia,PC Portables,https://www.jumia.ma/galaxy-a03-4g-ram-64g-rom-6.5-5000-mah-48mp-dual-sim-bleu-samsung-mpg1395258.html,1440.0,N/A,Aucune,2025-01-28 14:39:15
Itel,A50,32GB,Jumia,PC Portables,https://www.jumia.ma/itel-a50c-6.6-32-go-4-go-ram-black-65558705.html,1299.0,N/A,Aucune,2025-01-28 14:39:15
Apple,A14,4GB,Jumia,PC Portables,https://www.jumia.ma/apple-phone-12-normal-64-gb-61-violet-a14-bionic-4-go-ram-remis-a-neuf-66061814.html,5999.0,3999.0,33%,2025-01-28 14:39:15
Infinix,Note 40,128GB,Jumia,PC Portables,https://www.jumia.ma/infinix-note-40-pro-6.78-128-go-12-go-ram-titan-gold-65763567.html,5100.0,3400.0,33%,2025-01-28 14:39:15
XIAOMI,Redmi A3x,128GB,Jumia,PC Portables,https://www.jumia.ma/xiaomi-redmi-a3x-6.7-128go-4ram-5000mah-white-65723625.html,1299.0,1199.0,8%,2025-01-28 14:39:15
Vivo,Y16,64GB,Jumia,PC Portables,https://www.jumia.ma/vivo-y16-6.5-64-go-4-go-ram-stellar-black-59223467.html,1699.0,N/A,Aucune,2025-01-28 14:39:15
Samsung,Galaxy A16,128GB,Jumia,PC Portables,https://www.jumia.ma/samsung-galaxy-a16-128-go-4-go-ram-gray-65804232.html,2499.0,1949.0,22%,2025-01-28 14:39:15
Apple,iPhone 15,128GB,Jumia,PC Portables,https://www.jumia.ma/apple-iphone-15-plus-67-128-go-6-go-ram-jaune-64124390.html,14000.0,10975.0,22%,2025-01-28 14:39:18
Itel,A50,64GB,Jumia,PC Portables,https://www.jumia.ma/itel-a50-6.6-64-go-6-go-ram-green-65333826.html,1299.0,N/A,Aucune,2025-01-28 14:39:18
Apple,iPhone 16,128GB,Jumia,PC Portables,https://www.jumia.ma/apple-iphone-16-6.1-128-go-vert-bouton-action-controle-de-camera-a18-ios-48-mpx-new-65807940.html,11999.0,10800.0,10%,2025-01-28 14:39:18
Vivo,Y02,3GB,Jumia,PC Portables,https://www.jumia.ma/vivo-y02s-6.51-3-go-ram-32-go-rom-5000-mah-dual-sim-fast-charge-18w-bleu-63509594.html,1220.0,N/A,Aucune,2025-01-28 14:39:18
Apple,iPhone 15,8GB,Jumia,PC Portables,https://www.jumia.ma/apple-iphone-15-pro-max-6.7-8-go-ram-256-go-titane-blue-ecran-oled-remis-a-neuf-66063916.html,14699.0,11499.0,22%,2025-01-28 14:39:18
XIAOMI,Redmi 14C,128GB,Jumia,PC Portables,https://www.jumia.ma/xiaomi-redmi-14c-6.88-128-go-6-go-ram-red-65693839.html,1849.0,1596.0,14%,2025-01-28 14:39:18
XIAOMI,Redmi 12,8GB,Jumia,PC Portables,https://www.jumia.ma/xiaomi-redmi-12-6.79-8-go-de-ram-256-go-rom-noir-65698155.html,2349.0,N/A,Aucune,2025-01-28 14:39:18
Samsung,Galaxy S24,12GB,Jumia,PC Portables,https://www.jumia.ma/samsung-galaxy-s24-noir-12-go-512-go-ecran-amoled-2x-120hz-6.7-inch-4900mah-neuf-64704616.html,14899.0,11799.0,21%,2025-01-28 14:39:18
XIAOMI,Redmi 14C,8GB,Jumia,PC Portables,https://www.jumia.ma/xiaomi-redmi-14c-6.88-128gb-4gb-jusqua-8go-helio-g81-ultra-5160-mah-50-mp-sage-green-65641310.html,1489.0,N/A,Aucune,2025-01-28 14:39:18
Apple,iPhone 16,128GB,Jumia,PC Portables,https://www.jumia.ma/apple-iphone-16-plus-6.7-128-go-noir-bouton-action-controle-de-camera-a18-ios-48-mpx-8-go-ram-65795102.html,12999.0,11999.0,8%,2025-01-28 14:39:18
Infinix,Note 40,256GB,Jumia,PC Portables,https://www.jumia.ma/infinix-note-40-6.7-256go-rom-8gb-jusqua-16go-helio-g99-108-mp-32mp-65723413.html,3000.0,2830.0,6%,2025-01-28 14:39:18
XIAOMI,Redmi 14C,128GB,Jumia,PC Portables,https://www.jumia.ma/xiaomi-redmi-14c-6.88-128-go-4-go-ram-jusqua-8-go-helio-g81-ultra-5160-mah-50mp-purple-65680077.html,1599.0,1450.0,9%,2025-01-28 14:39:18
Samsung,Galaxy Z,256GB,Jumia,PC Portables,https://www.jumia.ma/samsung-galaxy-z-flip-6-6.7-256-go-argent-shadow-sm-f741bzsamwd-65815771.html,4009.0,2987.0,25%,2025-01-28 14:39:18
ZTE,Nubia V60,16GB,Jumia,PC Portables,https://www.jumia.ma/zte-nubia-v60-design-6.6-256gb-6gb-jusqua-16go-5000-mah-50mp-sunrise-violet-65925127.html,1699.0,1549.0,9%,2025-01-28 14:39:18
ZTE,Nubia V60,14GB,Jumia,PC Portables,https://www.jumia.ma/zte-nubia-v60-design-6.6-256gb-4gb-jusqua-14go-5000-mah-50mp-champagne-gold-65915165.html,1599.0,1470.0,8%,2025-01-28 14:39:18
Apple,iPhone 16,256GB,Jumia,PC Portables,https://www.jumia.ma/apple-iphone-16-61-256-go-8-go-ram-sarcelle-65924628.html,12999.0,11975.0,8%,2025-01-28 14:39:18
Samsung,galaxy a05s,4GB,Jumia,PC Portables,https://www.jumia.ma/samsung-galaxy-a05s-light-violet-4go-128-go-sm-a057flvgmwd-65311476.html,2852.0,2203.0,23%,2025-01-28 14:39:21
Samsung,A35,8GB,Jumia,PC Portables,https://www.jumia.ma/samsung-smartphone-a35-awesome-lilac-6.6-octa-core-8go-256go-android-5g-ds-sm-a356elvvmwd-65144826.html,6691.0,5416.0,19%,2025-01-28 14:39:21
Samsung,A05,128GB,Jumia,PC Portables,https://www.jumia.ma/samsung-a05-6.7-128-go-4-go-ram-ips-lcd-5000-mah-50mp-noir-64881532.html,1449.0,1329.0,8%,2025-01-28 14:39:21
Oppo,A3,64GB,Jumia,PC Portables,https://www.jumia.ma/oppo-a3x-6.6-64-go-4-go-ram-nebula-red-65947332.html,1459.0,1399.0,4%,2025-01-28 14:39:21
Samsung,A55,8GB,Jumia,PC Portables,https://www.jumia.ma/samsung-smartphone-a55-genial-lilas-66-octa-core-8go-256go-android-5g-sm-a556elvwmwd-65144827.html,7933.0,6238.0,21%,2025-01-28 14:39:21
Samsung,A35,8GB,Jumia,PC Portables,https://www.jumia.ma/samsung-smartphone-a35-awesome-iceblue-6.6-octa-core-8go-256go-android-5g-sm-a356elbvmwd-65151425.html,6691.0,5416.0,19%,2025-01-28 14:39:21
Samsung,Galaxy A04s,64GB,Jumia,PC Portables,https://www.jumia.ma/samsung-galaxy-a04s-6.5-64-go-4-go-ram-noir-65328978.html,1999.0,1445.0,28%,2025-01-28 14:39:21
Samsung,Galaxy Z,512GB,Jumia,PC Portables,https://www.jumia.ma/samsung-galaxy-z-fold-6-7.6-512-go-12-go-ram-snapdragon-silver-shadow-neuf-66009911.html,25599.0,16599.0,35%,2025-01-28 14:39:21
Samsung,A06,128GB,Jumia,PC Portables,https://www.jumia.ma/samsung-a06-61-128-go-6-go-ram-light-bleu-65846916.html,1799.0,1650.0,8%,2025-01-28 14:39:21
Samsung,Galaxy A04s,128GB,Jumia,PC Portables,https://www.jumia.ma/samsung-galaxy-a04s-6.5-128-go-4-go-ram-copper-65549531.html,1999.0,1649.0,18%,2025-01-28 14:39:21
Oppo,A83,64GB,Jumia,PC Portables,https://www.jumia.ma/a83-5.7-64gb-4gb-13mp-camera-dual-sim-4g-rouge-oppo-mpg845454.html,2399.0,N/A,Aucune,2025-01-28 14:39:21
Apple,iPhone 16,256GB,Jumia,PC Portables,https://www.jumia.ma/apple-iphone-16-61-256-go-8-go-ram-noir-65924632.html,12999.0,11775.0,9%,2025-01-28 14:39:21
ZTE,Nubia V60,14GB,Jumia,PC Portables,https://www.jumia.ma/zte-nubia-v60-6.6-256gb-4gb-jusqua-14go-5000-mah-50mp-sunrise-violet-65925311.html,1500.0,1469.0,2%,2025-01-28 14:39:21
Samsung,Galaxy A25,128GB,Jumia,PC Portables,https://www.jumia.ma/samsung-galaxy-a25-5g-6.3-128-go-6-go-ram-50-mp-bleu-65693378.html,3000.0,2680.0,11%,2025-01-28 14:39:21
Samsung,Galaxy Z,512GB,Jumia,PC Portables,https://www.jumia.ma/samsung-galaxy-z-fold-6-7.6-512-go-12-go-ram-5g-bleu-marine-sm-f956bdbgmwd-65467162.html,33849.0,26724.0,21%,2025-01-28 14:39:21
Apple,iPhone 15,256GB,Jumia,PC Portables,https://www.jumia.ma/apple-iphone-15-61-256-go-6-go-ram-jaune-64037174.html,14000.0,11975.0,14%,2025-01-28 14:39:21
Samsung,A35,8GB,Jumia,PC Portables,https://www.jumia.ma/samsung-smartphone-a35-awesome-lemon-6.6-octa-core-8go-256go-android-5g-sm-a356ezyvmwd-65144839.html,6691.0,5416.0,19%,2025-01-28 14:39:21
XIAOMI,Redmi Note,8GB,Jumia,PC Portables,https://www.jumia.ma/xiaomi-redmi-note-13-amoled-120hz-6.67-8-go-ram-256-go-rom-snapdragon-685-108-mp-8-mp-noir-kit-watch-65756385.html,2590.0,2490.0,4%,2025-01-28 14:39:25
XIAOMI,Redmi Note,256GB,Jumia,PC Portables,https://www.jumia.ma/xiaomi-redmi-note-14-66-amoled-120hz-256go-8go-helio-g99-ultra-108mp-green-66012911.html,2599.0,2399.0,8%,2025-01-28 14:39:25
Itel,A49,32GB,Jumia,PC Portables,https://www.jumia.ma/itel-a49-6.6-32-go-2-go-ram-noir-64629034.html,1199.0,929.0,23%,2025-01-28 14:39:25
Samsung,Galaxy A34,128GB,Jumia,PC Portables,https://www.jumia.ma/samsung-galaxy-a34-6.6-128-go-8-go-ram-5000-mah-noir-65693552.html,3900.0,3450.0,12%,2025-01-28 14:39:25
Samsung,Galaxy A34,256GB,Jumia,PC Portables,https://www.jumia.ma/samsung-galaxy-a34-5g-6.6-256-go-8-go-ram-amoled-120-hz-graphite-65969886.html,3299.0,3129.0,5%,2025-01-28 14:39:25
XIAOMI,Redmi A3X,64GB,Jumia,PC Portables,https://www.jumia.ma/xiaomi-redmi-a3x-6.7-64-go-3-go-ram-red-65625378.html,1199.0,1050.0,12%,2025-01-28 14:39:25
Samsung,A05,128GB,Jumia,PC Portables,https://www.jumia.ma/samsung-a05-6.7-128-go-4-go-ram-ips-lcd-5000-mah-50mp-blanc-65127539.html,1449.0,1329.0,8%,2025-01-28 14:39:25
XIAOMI,Redmi 13,8GB,Jumia,PC Portables,https://www.jumia.ma/xiaomi-redmi-13-6.79-8-go-ram-256-go-rom-helio-g91-ultra-5030-mah-33w-108-mp-noir-watch-kit-65777259.html,2290.0,2090.0,9%,2025-01-28 14:39:25
XIAOMI,Redmi 14C,128GB,Jumia,PC Portables,https://www.jumia.ma/redmi-14c-6.88-128gb-4gb-jusqua-8go-helio-g81-ultra-5160-mah-50-mp-midnight-black-xiaomi-mpg1482006.html,1499.0,1420.0,5%,2025-01-28 14:39:25
Vivo,Y21,4GB,Jumia,PC Portables,https://www.jumia.ma/vivo-y21-4-go-ram-64-go-rom-5000mah-6.51inch-diamond-glow-65979551.html,2400.0,1600.0,33%,2025-01-28 14:39:25
XIAOMI,Redmi 14C,8GB,Jumia,PC Portables,https://www.jumia.ma/xiaomi-redmi-14c-6.88-128gb-4gb-jusqua-8go-helio-g81-ultra-5160-mah-50-mp-midnight-black-65641289.html,1479.0,N/A,Aucune,2025-01-28 14:39:25
Samsung,A55,8GB,Jumia,PC Portables,https://www.jumia.ma/samsung-smartphone-a55-awesome-citron-66-octa-core-8go-256go-android-5g-sm-a556ezywmwd-65151410.html,7933.0,6238.0,21%,2025-01-28 14:39:25
XIAOMI,Redmi A3x,128GB,Jumia,PC Portables,https://www.jumia.ma/xiaomi-redmi-a3x-6.7-128go-4ram-5000mah-midnight-black-65723601.html,1349.0,1109.0,18%,2025-01-28 14:39:25
ZTE,A33,32GB,Jumia,PC Portables,https://www.jumia.ma/zte-blade-a33s-6.3-32-go-2-go-ram-ice-blue-65930465.html,1399.0,890.0,36%,2025-01-28 14:39:25
Samsung,Galaxy A25,128GB,Jumia,PC Portables,https://www.jumia.ma/samsung-galaxy-a25-5g-6.3-128-go-6-go-ram-50-mp-noir-65693388.html,3000.0,2730.0,9%,2025-01-28 14:39:25
Infinix,Note 40,256GB,Jumia,PC Portables,https://www.jumia.ma/infinix-note-40-6.7-256go-rom-8gb-jusqua-16go-helio-g99-108-mp-32mp-65724098.html,3000.0,2830.0,6%,2025-01-28 14:39:25
XIAOMI,Redmi 13,256GB,Jumia,PC Portables,https://www.jumia.ma/xiaomi-redmi-13-6.79-256-go-8-go-ram-jusqua-16-go-helio-g91-ultra-108mp-gold-65296713.html,2399.0,N/A,Aucune,2025-01-28 14:39:28
Samsung,A55,8GB,Jumia,PC Portables,https://www.jumia.ma/samsung-smartphone-a55-genial-iceblue-66-octacore-8go-256go-android-5g-sm-a556elbwmwd-65151433.html,7933.0,6238.0,21%,2025-01-28 14:39:28
Samsung,Galaxy A35,8GB,Jumia,PC Portables,https://www.jumia.ma/samsung-galaxy-a35-5g-6.6-8-go-ram-256-go-rom-50-mp-12-mp-5-mp-32-mp-ice-bleu-65296250.html,4690.0,4390.0,6%,2025-01-28 14:39:28
XIAOMI,Redmi 13,128GB,Jumia,PC Portables,https://www.jumia.ma/xiaomi-redmi-13-6.79-128-go-6-go-ram-helio-g91-ultra-5030mah-108mp-bleu-65286785.html,2099.0,N/A,Aucune,2025-01-28 14:39:28
Apple,iPhone 15,256GB,Jumia,PC Portables,https://www.jumia.ma/apple-iphone-15-61-256-go-6-go-ram-vert-64037254.html,14000.0,11975.0,14%,2025-01-28 14:39:28
Samsung,A06,128GB,Jumia,PC Portables,https://www.jumia.ma/samsung-a06-61-128-go-6-go-ram-black-65846915.html,1799.0,1650.0,8%,2025-01-28 14:39:28
Samsung,A05,128GB,Jumia,PC Portables,https://www.jumia.ma/samsung-a05-6.7-128-go-4-go-ram-ips-lcd-noir-65965417.html,1699.0,1359.0,20%,2025-01-28 14:39:28
ZTE,A54,128GB,Jumia,PC Portables,https://www.jumia.ma/zte-blade-a54-65-128-go-4-go-ram-lilac-65847332.html,1300.0,1249.0,4%,2025-01-28 14:39:28
XIAOMI,Redmi A3x,128GB,Jumia,PC Portables,https://www.jumia.ma/xiaomi-redmi-a3x-6.7-128go-4ram-5000mah-aurora-green-65723638.html,1299.0,1199.0,8%,2025-01-28 14:39:28
XIAOMI,Redmi 14C,16GB,Jumia,PC Portables,https://www.jumia.ma/xiaomi-redmi-14c-6.88-256gb-8gb-jusqua-16go-helio-g81-ultra-5160-mah-50-mp-midnight-black-65636670.html,1799.0,1669.0,7%,2025-01-28 14:39:31
XIAOMI,Redmi 13,128GB,Jumia,PC Portables,https://www.jumia.ma/xiaomi-redmi-13-6.79-128-go-6-go-ram-helio-g91-ultra-5030mah33w-108mp-gold-65288893.html,2099.0,N/A,Aucune,2025-01-28 14:39:31
ZTE,A54,128GB,Jumia,PC Portables,https://www.jumia.ma/zte-blade-a54-65-128-go-4-go-ram-bleu-65847337.html,1300.0,1249.0,4%,2025-01-28 14:39:31
XIAOMI,Redmi 13,256GB,Jumia,PC Portables,https://www.jumia.ma/xiaomi-redmi-13-6.79-256-go-8-go-ram-helio-g91-ultra-5030mah33w-108mp-gold-65288889.html,2399.0,N/A,Aucune,2025-01-28 14:39:31
XIAOMI,Redmi A3x,64GB,Jumia,PC Portables,https://www.jumia.ma/xiaomi-redmi-a3x-6.5-64-go-3-go-ram-midnight-noir-65956494.html,1190.0,1090.0,8%,2025-01-28 14:39:31
XIAOMI,Redmi 10A,4GB,Jumia,PC Portables,https://www.jumia.ma/xiaomi-redmi-10a-6.53-4-go-ram-128-go-rom-android-13-mp-5-mp-gris-59020286.html,1399.0,N/A,Aucune,2025-01-28 14:39:31
Samsung,A25,8GB,Jumia,PC Portables,https://www.jumia.ma/samsung-smartphone-a25-light-blue-6.5-exynos-1280-8go-256go-android-5g-ds-sm-a256elbhmwd-65324686.html,5271.0,4065.0,23%,2025-01-28 14:39:31
Samsung,galaxy a05s,6GB,Jumia,PC Portables,https://www.jumia.ma/samsung-galaxy-a05s-silver-6go-128go-sm-a057fzshmwd-65311150.html,2829.0,2421.0,14%,2025-01-28 14:39:31
Samsung,A05,128GB,Jumia,PC Portables,https://www.jumia.ma/samsung-a05-6.7-128-go-4-go-ram-ips-lcd-5000-mah-50mp-green-64881533.html,1449.0,N/A,Aucune,2025-01-28 14:39:31
ZTE,A54,128GB,Jumia,PC Portables,https://www.jumia.ma/zte-blade-a54-65-128-go-4-go-ram-gray-65847326.html,1300.0,1249.0,4%,2025-01-28 14:39:36
Samsung,A25,6GB,Jumia,PC Portables,https://www.jumia.ma/samsung-smartphone-a25-yellow-6.5-exynos-1280-6go-128go-android-5g-ds-sm-a256ezydmwd-65324782.html,4458.0,3447.0,23%,2025-01-28 14:39:36
Vivo,Y02,3GB,Jumia,PC Portables,https://www.jumia.ma/vivo-y02s-6.51-3-go-ram-32-go-rom-5000-mah-dual-sim-fast-charge-18w-bleu-65982267.html,1800.0,1210.0,33%,2025-01-28 14:39:36
Samsung,Galaxy M33,6GB,Jumia,PC Portables,https://www.jumia.ma/samsung-galaxy-m33-6.6-5g-6-go-ram-128-go-rom-dual-sim-50-mp-marron-66003633.html,3500.0,2370.0,32%,2025-01-28 14:39:36
Samsung,A25,8GB,Jumia,PC Portables,https://www.jumia.ma/samsung-smartphone-a25-yellow-6.5-exynos-1280-8go-256go-android-5g-ds-sm-a256ezyhmwd-65324790.html,5146.0,3981.0,23%,2025-01-28 14:39:36
Apple,iPhone 15,512GB,Jumia,PC Portables,https://www.jumia.ma/apple-iphone-15-pro-max-512-go-bleu-ecran-oled-6.7-inch-8-go-ram-remis-a-neuf-65134857.html,14900.0,13800.0,7%,2025-01-28 14:39:36
XIAOMI,Redmi Note,128GB,Jumia,PC Portables,https://www.jumia.ma/xiaomi-redmi-note-14-66-amoled-120hz-128go-6go-helio-g99-ultra-108mp-blue-66064809.html,2199.0,1999.0,9%,2025-01-28 14:39:36
XIAOMI,Redmi Note,128GB,Jumia,PC Portables,https://www.jumia.ma/xiaomi-redmi-note-14-66-amoled-120hz-128go-6go-helio-g99-ultra-108mp-black-66064825.html,2199.0,1990.0,10%,2025-01-28 14:39:36
XIAOMI,Redmi Note,128GB,Jumia,PC Portables,https://www.jumia.ma/xiaomi-redmi-note-14-66-amoled-120hz-128go-6go-helio-g99-ultra-108mp-green-66064785.html,2199.0,N/A,Aucune,2025-01-28 14:39:36
Samsung,Galaxy S22,8GB,Jumia,PC Portables,https://www.jumia.ma/samsung-galaxy-s22-blanc-6.1-8go-128go-dual-sim-remis-a-neuf-60041757.html,6499.0,N/A,Aucune,2025-01-28 14:39:39
XIAOMI,Redmi Note,8GB,Jumia,PC Portables,https://www.jumia.ma/xiaomi-redmi-note-13-pro-plus-5g-8go-256go-dimensity-7200-ultra-200-mp-blanc-64681253.html,4090.0,N/A,Aucune,2025-01-28 14:39:39
Oppo,A3,4GB,Jumia,PC Portables,https://www.jumia.ma/oppo-a3x-4go-64go-snapdragon-6s-4g-gen1-nebula-red-65650246.html,1299.0,N/A,Aucune,2025-01-28 14:39:39
XIAOMI,Redmi 13C,8GB,Jumia,PC Portables,https://www.jumia.ma/xiaomi-redmi-13c-6.74-8-go-ram-256-go-rom-helio-g85-5000-mah-50-mp-bleu-64546275.html,2080.0,N/A,Aucune,2025-01-28 14:39:39
Huawei,Y6,2GB,Jumia,PC Portables,https://www.jumia.ma/y6-prime-2019-6-4g-2go-32go-android-9-pie-13mp8mp-black-huawei-mpg73956.html,1380.0,N/A,Aucune,2025-01-28 14:39:39
Samsung,Galaxy A03,2GB,Jumia,PC Portables,https://www.jumia.ma/galaxy-a03-core-65-2go-ram-32go-rom-onyx-black-samsung-mpg1400075.html,2679.0,949.0,65%,2025-01-28 14:39:39
Samsung,Galaxy S10,8GB,Jumia,PC Portables,https://www.jumia.ma/galaxy-s10-6.4-128go-8go-android-9.0-noir-samsung-mpg836853.html,9990.0,N/A,Aucune,2025-01-28 14:39:39
Samsung,Galaxy A10,2GB,Jumia,PC Portables,https://www.jumia.ma/galaxy-a10-6.2-4g-2go-32go-bleu-samsung-mpg80254.html,1299.0,N/A,Aucune,2025-01-28 14:39:39
Huawei,Y3,8GB,Jumia,PC Portables,https://www.jumia.ma/huawei-y3-2017-3g-5-8go1-go-android-gold-32464210.html,899.0,N/A,Aucune,2025-01-28 14:39:39
Samsung,Galaxy A10s,2GB,Jumia,PC Portables,https://www.jumia.ma/galaxy-a10s-6.2-2go-32go-noir-garantie-1-an-samsung-mpg862837.html,1299.0,N/A,Aucune,2025-01-28 14:39:39
Apple,iPhone 7,2GB,Jumia,PC Portables,https://www.jumia.ma/iphone-7-cpo-reconditionne-premium-4.7-32-gb-2go-ios-10-12mp-silver-apple-mpg51891.html,5349.0,N/A,Aucune,2025-01-28 14:39:39
Samsung,Galaxy S10,8GB,Jumia,PC Portables,https://www.jumia.ma/galaxy-s10-6.1-128go-8go-android-pie-blanc-samsung-mpg839883.html,8790.0,N/A,Aucune,2025-01-28 14:39:39
Samsung,Galaxy A70,6GB,Jumia,PC Portables,https://www.jumia.ma/galaxy-a70-6.7-6go-128go-noir-garantie-1-an-samsung-mpg856019.html,3999.0,N/A,Aucune,2025-01-28 14:39:39
Huawei,Y6,2GB,Jumia,PC Portables,https://www.jumia.ma/y6-prime-2019-6-4g-2go-32go-android-9-pie-13mp8mp-bleu-huawei-mpg73958.html,1380.0,N/A,Aucune,2025-01-28 14:39:41
Samsung,Galaxy A10,2GB,Jumia,PC Portables,https://www.jumia.ma/galaxy-a10-2019-32-gb-2-gb-android-9.0-13-mp-5-mp-black-samsung-mpg80472.html,1599.0,N/A,Aucune,2025-01-28 14:39:41
Samsung,Galaxy A20,3GB,Jumia,PC Portables,https://www.jumia.ma/galaxy-a20-6.4-4g-3go-32go-noir-samsung-mpg82057.html,1699.0,N/A,Aucune,2025-01-28 14:39:41
Samsung,Galaxy A30,4GB,Jumia,PC Portables,https://www.jumia.ma/galaxy-a30-6.4-4g-4go-64g-android-16mp5mp-16mp-blanc-samsung-mpg77750.html,2078.0,N/A,Aucune,2025-01-28 14:39:41
Samsung,Galaxy S9,4GB,Jumia,PC Portables,https://www.jumia.ma/samsung-galaxy-s9-64gb-purple-samsung-mpg92458.html,5000.0,N/A,Aucune,2025-01-28 14:39:41
Apple,iPhone 13,4GB,Jumia,PC Portables,https://www.jumia.ma/apple-iphone-13-5g-6.1-4go-128go-rouge-44021188.html,19000.0,N/A,Aucune,2025-01-28 14:39:41
Samsung,Galaxy S8,64GB,Jumia,PC Portables,https://www.jumia.ma/galaxy-s8-5.8-64-go-4-go-octa-core-noir-samsung-mpg17871.html,6990.0,N/A,Aucune,2025-01-28 14:39:41
Samsung,Galaxy A50,4GB,Jumia,PC Portables,https://www.jumia.ma/samsung-galaxy-a50-6.4-4g-4go-128go-blanc-27402602.html,2950.0,N/A,Aucune,2025-01-28 14:39:41
Samsung,Galaxy J4,2GB,Jumia,PC Portables,https://www.jumia.ma/galaxy-j4-4g-6.0-32gb-13-mp-android-8.1-black-samsung-mpg51594.html,1599.0,N/A,Aucune,2025-01-28 14:39:41
Samsung,Galaxy A80,8GB,Jumia,PC Portables,https://www.jumia.ma/galaxy-a80-6.7-8go-128go-triple-camera-android-9.0-dore-samsung-mpg836847.html,5999.0,N/A,Aucune,2025-01-28 14:39:41
Samsung,Galaxy S10,8GB,Jumia,PC Portables,https://www.jumia.ma/galaxy-s10-6.4-128go-8go-android-9.0-blanc-samsung-mpg75296.html,9999.0,N/A,Aucune,2025-01-28 14:39:41
Samsung,Galaxy A015F,16GB,Jumia,PC Portables,https://www.jumia.ma/a015f-5.7-16gb-2-go-ram-android-dual-sim-noir-samsung-mpg860944.html,1249.0,N/A,Aucune,2025-01-28 14:39:41
Samsung,Galaxy S10,8GB,Jumia,PC Portables,https://www.jumia.ma/galaxy-s10-6.1-128go-8go-android-pie-noir-samsung-mpg75295.html,8790.0,N/A,Aucune,2025-01-28 14:39:41
Samsung,Galaxy S9,4GB,Jumia,PC Portables,https://www.jumia.ma/galaxy-s9-5.8-64gb-4go-android-noir-samsung-mpg35100.html,6490.0,N/A,Aucune,2025-01-28 14:39:41
Samsung,Galaxy S10,8GB,Jumia,PC Portables,https://www.jumia.ma/galaxy-s10-6.4-128go-8go-android-9.0-vert-samsung-mpg75297.html,9999.0,N/A,Aucune,2025-01-28 14:39:41
Samsung,Galaxy A80,8GB,Jumia,PC Portables,https://www.jumia.ma/galaxy-a80-6.7-8go-128go-triple-camera-android-9.0-silver-samsung-mpg836849.html,5723.0,N/A,Aucune,2025-01-28 14:39:41
Samsung,Galaxy S8,64GB,Jumia,PC Portables,https://www.jumia.ma/galaxy-s8-5.8-64-go-4-go-octa-core-gold-samsung-mpg15190.html,6990.0,N/A,Aucune,2025-01-28 14:39:41
Samsung,Galaxy J6,3GB,Jumia,PC Portables,https://www.jumia.ma/galaxy-j6-plus-4g-32go-3go-android-13mp-8mp-noir-samsung-mpg51353.html,2499.0,N/A,Aucune,2025-01-28 14:39:41
Samsung,Galaxy S9,4GB,Jumia,PC Portables,https://www.jumia.ma/galaxy-s9-5.8-64gb-4go-android-gris-samsung-mpg35099.html,6490.0,N/A,Aucune,2025-01-28 14:39:41
Samsung,Galaxy A20,3GB,Jumia,PC Portables,https://www.jumia.ma/galaxy-a20-6.4-4g-3go-32go-bleu-samsung-mpg82056.html,1699.0,N/A,Aucune,2025-01-28 14:39:41
Samsung,Galaxy J8,4GB,Jumia,PC Portables,https://www.jumia.ma/samsung-galaxy-j8-6.0-4go-64go-noir-garantie-1-an-28978146.html,1997.0,N/A,Aucune,2025-01-28 14:39:41
Samsung,Galaxy A20,3GB,Jumia,PC Portables,https://www.jumia.ma/galaxy-a20-6.4-4g-3go-32go-red-samsung-mpg84591.html,1699.0,N/A,Aucune,2025-01-28 14:39:41
Samsung,Galaxy J4,2GB,Jumia,PC Portables,https://www.jumia.ma/galaxy-j4-4g-6.0-32gb-13-mp-android-8.1-gold-samsung-mpg51595.html,1599.0,N/A,Aucune,2025-01-28 14:39:41
Samsung,Galaxy J8,4GB,Jumia,PC Portables,https://www.jumia.ma/galaxy-j8-60-super-amoled-4go-rame-64-go-double-camera-16-mp-gold-samsung-mpg48015.html,1997.0,N/A,Aucune,2025-01-28 14:39:41
Samsung,Galaxy A7,4GB,Jumia,PC Portables,https://www.jumia.ma/galaxy-a7-2018-6.0-4gb-ram-128gb-rom-24mp-triple-camera-blackdeux-sim-samsung-mpg68911.html,2694.0,N/A,Aucune,2025-01-28 14:39:41
Samsung,Galaxy A7,4GB,Jumia,PC Portables,https://www.jumia.ma/galaxy-a7-4g-6.0-128go-4go-android-gold-samsung-mpg64855.html,2890.0,N/A,Aucune,2025-01-28 14:39:41
Samsung,Galaxy J8,4GB,Jumia,PC Portables,https://www.jumia.ma/galaxy-j8-60-super-amoled-4go-ram-64-go-double-camera-16-mp-bleu-samsung-mpg69890.html,1997.0,N/A,Aucune,2025-01-28 14:39:44
Samsung,Galaxy S25,256GB,Jumia,PC Portables,https://www.jumia.ma/samsung-galaxy-s25-ultra-6.9-256-go-12-go-ram-titanium-black-66067142.html,16490.0,N/A,Aucune,2025-01-28 14:39:44
Samsung,Galaxy S25,256GB,Jumia,PC Portables,https://www.jumia.ma/samsung-galaxy-s25-ultra-6.9-256-go-12-go-ram-titanium-silverblue-66067141.html,16490.0,N/A,Aucune,2025-01-28 14:39:44
Samsung,Galaxy S25,512GB,Jumia,PC Portables,https://www.jumia.ma/samsung-galaxy-s25-ultra-6.9-512-go-12-go-ram-titanium-gray-66067173.html,18490.0,N/A,Aucune,2025-01-28 14:39:44
Samsung,Galaxy S25,12GB,Jumia,PC Portables,https://www.jumia.ma/samsung-galaxy-s25-ultra-6.9-1-tb-12-go-ram-titanium-gray-66067229.html,20990.0,N/A,Aucune,2025-01-28 14:39:44
Samsung,Galaxy S25,256GB,Jumia,PC Portables,https://www.jumia.ma/samsung-galaxy-s25-ultra-6.9-256-go-12-go-ram-titanium-gray-66067140.html,16490.0,N/A,Aucune,2025-01-28 14:39:44
Samsung,Galaxy S25,12GB,Jumia,PC Portables,https://www.jumia.ma/samsung-galaxy-s25-ultra-6.9-1-tb-12-go-ram-titanium-whitesilver-66067182.html,20990.0,N/A,Aucune,2025-01-28 14:39:44
Samsung,Galaxy S25,12GB,Jumia,PC Portables,https://www.jumia.ma/samsung-galaxy-s25-ultra-6.9-1-tb-12-go-ram-titanium-silverblue-66067239.html,20990.0,N/A,Aucune,2025-01-28 14:39:44
Samsung,Galaxy S25,12GB,Jumia,PC Portables,https://www.jumia.ma/samsung-galaxy-s25-ultra-6.9-1-tb-12-go-ram-titanium-black-66067201.html,20990.0,N/A,Aucune,2025-01-28 14:39:44
Samsung,Galaxy S25,512GB,Jumia,PC Portables,https://www.jumia.ma/samsung-galaxy-s25-ultra-6.9-512-go-12-go-ram-titanium-whitesilver-66067169.html,18490.0,N/A,Aucune,2025-01-28 14:39:44
Samsung,Galaxy S25,512GB,Jumia,PC Portables,https://www.jumia.ma/samsung-galaxy-s25-ultra-6.9-512-go-12-go-ram-titanium-black-66067159.html,18490.0,N/A,Aucune,2025-01-28 14:39:44
Samsung,Galaxy S25,512GB,Jumia,PC Portables,https://www.jumia.ma/samsung-galaxy-s25-ultra-6.9-512-go-12-go-ram-titanium-silverblue-66067176.html,18490.0,N/A,Aucune,2025-01-28 14:39:44
Samsung,Galaxy S25,256GB,Jumia,PC Portables,https://www.jumia.ma/samsung-galaxy-s25-ultra-6.9-256-go-12-go-ram-titanium-whitesilver-66067139.html,16490.0,N/A,Aucune,2025-01-28 14:39:44
Samsung,Galaxy S25,512GB,Jumia,PC Portables,https://www.jumia.ma/samsung-galaxy-s25-62-512-go-12-go-ram-icyblue-66067193.html,12990.0,N/A,Aucune,2025-01-28 14:39:44
Samsung,Galaxy S25,256GB,Jumia,PC Portables,https://www.jumia.ma/samsung-galaxy-s25-62-256-go-12-go-ram-navy-66067158.html,11490.0,N/A,Aucune,2025-01-28 14:39:44
Samsung,Galaxy S25,256GB,Jumia,PC Portables,https://www.jumia.ma/samsung-galaxy-s25-62-256-go-12-go-ram-mint-66067133.html,11490.0,N/A,Aucune,2025-01-28 14:39:44
Samsung,Galaxy S25,512GB,Jumia,PC Portables,https://www.jumia.ma/samsung-galaxy-s25-62-512-go-12-go-ram-silver-shadow-66067215.html,12990.0,N/A,Aucune,2025-01-28 14:39:47
Samsung,Galaxy S25,256GB,Jumia,PC Portables,https://www.jumia.ma/samsung-galaxy-s25-62-256-go-12-go-ram-icyblue-66067175.html,11490.0,N/A,Aucune,2025-01-28 14:39:47
Samsung,Galaxy S25,512GB,Jumia,PC Portables,https://www.jumia.ma/samsung-galaxy-s25-62-512-go-12-go-ram-navy-66067222.html,12990.0,N/A,Aucune,2025-01-28 14:39:47
Samsung,Galaxy S25,512GB,Jumia,PC Portables,https://www.jumia.ma/samsung-galaxy-s25-62-512-go-12-go-ram-mint-66067218.html,12990.0,N/A,Aucune,2025-01-28 14:39:47
Samsung,Galaxy S25,256GB,Jumia,PC Portables,https://www.jumia.ma/samsung-galaxy-s25-62-256-go-12-go-ram-silver-shadow-66067125.html,11490.0,N/A,Aucune,2025-01-28 14:39:47
